Iggy,Flaxman,1,23
Joe,Parsall,1,5
Ahmed,Wolton,1,3
Brander,Culvey,1,9
Barbara-anne,Lovitt,2,23
Georgeanna,Willshee,2,20
Field,Ceyssen,2,6
Vivi,Dungey,1,7
Griffin,Cornew,1,25
Morena,Ciementini,1,17
Farleigh,Niess,1,20
Andras,Tildesley,1,21
Meredith,Worge,1,12
Gwendolyn,O'Leagham,2,2
Drake,Shoard,2,13
Agosto,Davidovits,2,5
Aggi,Iacomini,2,18
Starlene,Druitt,1,4
Maurits,Narbett,2,11
Janeczka,Chatfield,1,20
Sonia,Bastow,1,23
Erika,Mapledoram,1,8
Cele,Densell,1,9
Bili,Wyrall,2,20
Issy,Davidai,1,12
Lucila,Cristofari,2,15
Patti,Hilldrup,1,15
Jorge,Labbati,2,5
Sadella,Trice,2,12
Simone,Joncic,1,16
Alvinia,Dahill,2,8
Filippa,Hanbidge,1,8
Ceciley,Pape,2,15
Stevy,Beausang,2,14
Annalise,Nettleship,1,11
Chicky,Willsmore,2,15
Cherry,Bliss,2,20
Addy,Ucceli,2,1
Shelton,Mowsdill,2,21
Ashley,Di Maria,2,17
Valentijn,Armall,1,22
Therese,Dethloff,1,23
Alys,Dudill,2,7
Dorelle,Orrick,2,4
Amelie,Gulliman,2,22
Kirstyn,Bergstrand,2,12
Chuck,Packe,1,16
Rriocard,Purkis,1,17
Cam,Leavy,1,4
Cosme,Hemphall,2,15
Lizzie,Spritt,2,8
Joye,Swatman,2,17
Fonsie,Kelsall,2,24
Desi,Phillippo,1,8
Marillin,Tschierse,1,2
Tamarah,Bonney,1,24
Barbara-anne,Rainsdon,1,17
Agatha,Catonne,2,12
Sara-ann,Boys,1,4
Ashby,Tombling,2,21
Flem,Petrishchev,1,9
Shannan,Mougel,2,24
Cello,Chippendale,1,15
Morgana,Titt,1,25
Rycca,Maudlin,2,20
Avrit,Wesson,1,19
Luci,Bulstrode,1,22
Duffy,Lillywhite,1,25
Deeanne,Merryman,1,4
Lynda,Doche,1,4
Otis,Hoggan,1,11
Blane,Lebond,2,8
Alfons,O' Hern,1,20
Frannie,Bulger,1,20
Timothy,Crecy,1,24
Frederick,Chawner,1,5
Morton,Pavyer,1,12
Maybelle,Wareham,1,19
Jordon,Izat,2,17
Rena,Hartopp,1,13
Twyla,Gavozzi,2,25
Trumaine,Lightollers,2,3
Anson,Yakubov,2,14
Nixie,Garrow,2,23
Bevin,Mongan,2,25
Wilbert,Ellington,1,25
Doyle,Dottrell,2,17
Gabby,Laverty,2,10
Raffaello,Truelock,1,19
Lyon,Tschirschky,2,14
Patten,Castle,2,16
Guinna,Welfare,1,4
Matthus,Leyburn,2,17
Sabrina,Dyson,1,18
Yorke,Beadles,1,1
Rudolfo,Ziemen,2,25
Ellette,Mate,1,18
Skip,Westell,1,18
Welbie,Giorgiutti,1,24
Bren,Skipsey,1,15
