Trish,Alderson,1,17
Reinhard,Diperaus,1,19
Trixy,Gerrish,1,18
Tomasine,Cosgrive,2,16
Darlleen,Allin,1,2
Kaile,Bayne,2,14
Lucienne,Ash,2,13
Francine,Kordes,2,17
Rab,Vodden,1,4
Teodorico,Estoile,1,17
Felizio,Hallowes,1,2
Cherilynn,Ghiotto,1,12
Sully,Mazzia,2,22
Connor,Mulqueeny,1,21
Buffy,Hurling,1,22
Farris,Petrozzi,2,5
Goldia,Ellcome,1,5
Alexandro,Ottewill,2,4
Melamie,Eriksson,1,25
Yurik,Waggatt,2,10
Omero,Dungey,2,20
Sadye,Napoleon,1,12
Gregor,Delicate,1,23
Yoko,Heinsh,1,13
Phylis,Amyes,1,19
Rickard,Wrack,2,1
Kaylee,Maddams,1,22
Kelley,Bravington,1,13
Hasty,Gateshill,2,12
Salem,Grzelczak,1,19
Aviva,Tilne,2,5
Maddie,Storm,2,8
Dylan,Fishwick,2,1
Sadie,Margarson,2,14
Eddy,Billson,2,19
Mariele,Petzolt,1,10
Brigit,Dungee,1,1
Alvin,Gresty,1,2
Konstanze,Benedettini,2,6
Drusilla,Gotmann,2,5
Vivian,Ick,1,2
Port,MacElane,1,15
Vikky,Vecard,2,7
Fritz,Forward,1,7
Korry,Byrd,1,5
Jeffrey,Bennike,2,23
Deane,Mulroy,1,16
Missie,McLuckie,2,1
Carleton,Hancorn,2,22
Daryn,Chevolleau,1,22
Allyn,Hugues,2,25
Morgan,Hyatt,2,15
Meara,Byrd,1,14
Linoel,Pennings,2,15
Maximo,Ridhole,2,8
Brinna,Bransden,2,7
Penrod,Crowche,2,13
Deedee,Donan,2,3
Cass,Braisted,1,12
Jacynth,Banbrick,2,22
Jacquelin,Trobridge,2,20
Jacintha,Spykins,2,12
Linzy,Casley,2,19
Roxie,Pinfold,2,9
Yetta,Harriday,2,24
Izaak,Tiffney,1,6
Grove,Bowes,2,11
Lanae,Riddel,1,5
Maurice,Van der Daal,2,1
Justis,Vinker,2,17
Stanleigh,Gheorghescu,2,3
Tymothy,Callf,1,8
Ashli,Becconsall,1,21
Estrella,Coning,1,8
Lori,Coward,1,15
Ursulina,Iwanowicz,2,4
Griffy,Sandle,2,7
Donna,Robbings,1,7
Jorgan,Doumerque,1,20
Andre,Celier,2,8
Boris,Mugford,1,16
Raleigh,Pirt,1,2
Englebert,Maplethorp,1,22
Winonah,Auten,2,17
Clea,Towne,2,3
Tom,Barneveld,1,6
Regen,Janacek,2,15
Augustine,Juschka,1,20
Becka,Moneti,2,24
Jayme,Woodcroft,1,22
Hamilton,Lipyeat,1,18
Sharai,Jorat,2,22
Norene,Bailes,1,24
Kelcy,Cordie,1,18
Christal,Yanukhin,2,15
Xaviera,Wildsmith,2,3
Olympe,Skerratt,1,23
Shena,Dallewater,2,16
Rodie,Marzellano,2,17
Thomasina,Goode,1,3
