Pontiac,Bonneville,1993,Indigo,4026.3,1,WVWGD7AJ1EW377976,1,7,3.6
Chevrolet,Silverado 1500,2010,Violet,5193.9,2,2C3CDXJG3DH526313,1,4,1.6
Ford,Probe,1991,Teal,1148.8,3,3LNDL2L37CR882021,7,10,3.7
Mitsubishi,Montero,2001,Violet,5562.3,4,SCFFDAAEXCG649218,6,9,1.6
GMC,Sierra 1500,2013,Blue,2829.6,5,WAUCFAFH3DN495119,7,4,1.5
Porsche,928,1990,Yellow,10645.9,6,19UUA96249A795509,7,8,1.5
Acura,NSX,2002,Fuscia,10861.7,7,WA1EY74LX7D079959,6,1,3.5
Mazda,MX-5,2006,Khaki,10857.3,8,4T1BK3DB0BU195007,5,6,2.3
Hummer,H1,2001,Violet,10214.9,9,1G6DP5ED3B0584180,4,10,1.3
Chevrolet,Express 2500,2008,Teal,4836.7,10,WAUJC68E24A036980,7,7,2.0
Dodge,Durango,2007,Green,6320.6,11,5FNYF3H32FB858680,4,2,3.3
Jeep,Patriot,2009,Turquoise,10656.7,12,WBA3A9C57CF683058,6,4,3.3
Mercedes-Benz,C-Class,2009,Blue,1572.1,13,1G6DX6ED1B0759094,7,1,3.0
Chevrolet,Equinox,2007,Teal,7134.4,14,WVWED7AJ3BW341029,6,9,1.6
Volvo,S80,1999,Goldenrod,2400.0,15,1FTEW1C85AK713443,6,6,1.2
Chevrolet,Silverado 2500,2006,Puce,5066.6,16,4T1BF1FK2EU661711,3,10,3.1
Maybach,62,2003,Orange,8223.5,17,3D7TP2CT2BG551223,2,7,2.9
Saab,9000,1999,Puce,9945.8,18,WBALW3C57EC145771,7,1,3.0
Chevrolet,Suburban 2500,1999,Indigo,10927.2,19,1N4AA5AP7DC349743,1,9,4.0
Isuzu,i-280,2006,Puce,7244.1,20,SALVP2BG9EH035757,5,2,1.9
Chevrolet,Silverado,2002,Teal,8988.7,21,3N1AB7AP5FY931145,6,6,1.6
Audi,R8,2009,Maroon,3792.5,22,WAUHF68P56A706564,2,6,2.2
BMW,3 Series,2006,Yellow,4046.5,23,3N6CM0KN5EK704928,3,1,1.3
Dodge,Caliber,2012,Purple,3211.8,24,3N1CN7AP0FL880974,7,2,2.6
BMW,M3,2011,Khaki,6573.7,25,WAUMGAFLXBA873222,1,9,2.2
Lincoln,Mark VIII,1997,Teal,4360.4,26,5UXZW0C57D0133839,1,6,1.1
Pontiac,Grand Prix,1991,Indigo,4155.4,27,2G4GT5GX3F9769737,1,9,2.2
Infiniti,FX,2007,Violet,1671.4,28,WAUJT54B03N285596,7,10,1.4
Hyundai,Scoupe,1995,Aquamarine,5233.7,29,KL4CJDSB3EB283029,4,2,2.0
Mercury,Grand Marquis,1989,Red,2576.2,30,JTEBU5JR9C5648236,7,9,3.6
Chrysler,Sebring,2006,Red,6904.8,31,19XFB4F20FE663329,6,2,1.4
Volvo,XC90,2007,Aquamarine,1978.7,32,1YVHZ8BA0A5061991,2,8,3.5
GMC,2500,1997,Purple,10430.8,33,WAUEF48H97K181097,5,5,3.1
Mercedes-Benz,CL-Class,2005,Crimson,10044.2,34,WAUFFBFL2DN945141,7,3,1.8
Volvo,S90,1998,Fuscia,8606.6,35,WBAUP7C50BV346405,5,7,3.2
GMC,Rally Wagon 2500,1992,Puce,8463.9,36,WDBSK7AA2CF299493,7,7,3.7
Ford,F150,1997,Maroon,6819.2,37,5FNYF3H24BB254405,7,9,1.7
Mercury,Marquis,1986,Mauv,8515.1,38,WAUDFAFL9CN016483,2,1,2.9
Honda,Pilot,2012,Purple,2230.4,39,1NXBE4EE4AZ290349,7,6,2.1
Hummer,H1,2003,Blue,7582.2,40,1G4HP54K54U720346,5,2,1.8
Volkswagen,Golf,1997,Yellow,2530.4,41,WAUJC68E35A420963,5,6,2.4
Infiniti,G35,2006,Turquoise,6681.2,42,WAUBH64BX1N455326,5,8,3.7
Lexus,LS,1994,Violet,1541.9,43,WA1YL64B94N143329,5,10,1.7
Honda,Accord,2009,Orange,10659.0,44,JN8AE2KP6C9767321,3,2,3.8
Porsche,911,2001,Fuscia,10327.6,45,1GD010CG3BF818033,4,6,1.3
Chevrolet,Silverado 3500,2009,Aquamarine,6935.6,46,JH4NA216X4T859682,4,2,2.7
CitroÃ«n,CX,1974,Crimson,9320.6,47,1G6DP1E37D0424869,4,2,1.4
BMW,M3,2002,Aquamarine,4228.9,48,WAU2GAFC3CN672456,2,6,2.4
Dodge,Ram 1500,2004,Goldenrod,10034.1,49,WA1WMAFE9CD906131,4,8,2.8
Ford,F-Series Super Duty,2009,Khaki,3884.0,50,3VW507AT5FM572255,4,9,1.3
Land Rover,Range Rover,2003,Turquoise,4111.7,51,WAUBF78E96A164833,3,6,1.2
Mazda,Familia,1985,Aquamarine,948.3,52,1FMEU7DE8AU906540,7,2,3.0
Mercedes-Benz,M-Class,1998,Crimson,7406.3,53,1G6KD54Y34U152673,3,8,3.7
Hyundai,Accent,1995,Teal,3387.4,54,5NPET4AC5AH123083,4,7,3.5
Ford,F-Series,2004,Pink,3124.4,55,WP0AA2A96DS936791,1,6,2.5
GMC,Sierra 1500,2006,Mauv,4024.9,56,2G61P5S34F9651492,1,5,4.0
Panoz,Esperante,2006,Violet,10970.0,57,3VW1K7AJ4CM242478,5,5,2.8
Volkswagen,New Beetle,2005,Pink,2286.3,58,WDDHH8JB4FB149251,7,6,1.7
Kia,Sorento,2011,Red,6157.6,59,4T1BD1FK2DU168213,6,3,2.2
Chrysler,Town & Country,2008,Mauv,10254.3,60,2B3CK4CV2AH461429,3,2,2.3
Dodge,Avenger,1999,Pink,1633.6,61,WAUWFAFR2BA424021,3,1,3.3
Subaru,Outback,2007,Aquamarine,1139.9,62,3VW1K7AJ4DM621918,5,4,1.7
Scion,xA,2005,Orange,8077.0,63,WAU4FAFR8AA093001,3,9,3.3
Subaru,Outback,2007,Purple,3955.0,64,3C63DRKL5CG308205,7,5,3.8
Mercury,Tracer,1993,Mauv,4376.9,65,5GADV23W37D441852,5,1,1.7
Pontiac,Grand Prix,1997,Fuscia,1604.0,66,WBA3V7C57EP792125,5,4,3.3
Toyota,Celica,1978,Turquoise,7497.7,67,SALSF2D42DA866131,4,5,2.1
Infiniti,G,2001,Aquamarine,4644.6,68,KNAFU6A26D5573895,6,10,2.0
Isuzu,i-Series,2007,Aquamarine,1172.6,69,WAUDF98E46A506662,2,3,1.1
Mitsubishi,GTO,1999,Aquamarine,4852.3,70,1FMJK1H56BE580471,6,7,2.1
Ford,E150,2005,Maroon,8687.3,71,SCFBB03B18G318505,2,7,2.7
Toyota,Sequoia,2005,Purple,3845.1,72,WBSBL93495P573053,3,3,1.1
GMC,Jimmy,2000,Turquoise,7986.2,73,1N6AF0LY2FN734295,7,7,3.1
Suzuki,Sidekick,1993,Mauv,7898.4,74,4T1BD1FK2FU414941,1,4,1.8
Saturn,S-Series,1993,Purple,7668.1,75,JTDZN3EU9E3874603,3,6,3.1
Cadillac,STS,2011,Purple,8769.0,76,2G4WS52J221972869,4,1,1.3
Chevrolet,Sportvan G20,1992,Red,1058.7,77,SCBGU3ZA6DC801071,6,9,2.3
Nissan,Sentra,2004,Puce,8579.9,78,1GYS4AEF5DR247364,2,3,2.7
Volkswagen,Golf,2012,Teal,6402.7,79,WAUDN74F08N325169,3,1,1.6
Saturn,Ion,2004,Teal,5351.7,80,5UXFG43529L554011,6,10,2.8
Volvo,740,1992,Crimson,4764.6,81,2LMHJ5AR5AB029973,3,2,3.3
Lincoln,MKZ,2008,Indigo,9189.5,82,2G4GN5EK7C9670254,6,8,1.1
Volvo,940,1992,Pink,10149.1,83,1G4HP54K93U919365,2,2,2.6
Land Rover,Range Rover,1997,Green,6880.3,84,5UXFA93584L192144,1,4,3.7
Porsche,968,1992,Puce,2639.7,85,1G6DX67D190667149,2,9,1.5
Lexus,IS F,2010,Pink,3310.1,86,1GYS4DEF9DR095901,6,7,3.5
Honda,Accord,2011,Khaki,7722.6,87,JN1CV6AP5AM473161,5,7,2.5
Mazda,Mazdaspeed 3,2012,Orange,4011.0,88,2C4RDGCG2DR408556,5,8,2.8
Eagle,Talon,1991,Pink,6734.7,89,3FADP0L35AR299141,5,10,1.9
Mercury,Marquis,1986,Green,10336.4,90,WBA4A9C57FD751069,4,7,1.7
BMW,8 Series,1995,Crimson,4675.2,91,JTDKTUD30ED928922,3,3,1.4
Lexus,ES,2011,Maroon,6205.3,92,5UXZV4C57CL993604,3,8,1.7
Chevrolet,Suburban 1500,2012,Pink,4849.6,93,5J8TB3H30GL259508,5,8,2.5
Chevrolet,Equinox,2009,Teal,10931.3,94,WUAW2BFC4FN377656,6,2,1.5
Chevrolet,3500,1994,Purple,3146.7,95,4F2CY0C76AK177351,5,3,3.1
Lincoln,Continental,1999,Green,6678.7,96,JN1CV6EK3EM709522,3,4,1.7
BMW,Z4,2006,Fuscia,10273.3,97,WA1C8AFP8EA853533,3,6,2.8
Nissan,GT-R,2013,Khaki,5854.0,98,1G6DH5EY1B0264789,4,9,3.8
Honda,Insight,2003,Khaki,2202.3,99,4T3BA3BB6FU063985,2,2,2.1
Chrysler,Sebring,2000,Turquoise,2707.9,100,1C4NJPBA3FD004322,2,5,2.4
Suzuki,SJ,1992,Teal,10186.4,101,SCFEBBCF6BG870200,4,8,3.5
Chevrolet,Equinox,2010,Green,4012.0,102,JTHBB1BA8C2743043,4,1,1.3
Ford,F-Series,2010,Aquamarine,2364.8,103,3FAHP0DC4AR048904,2,7,1.4
Cadillac,Escalade EXT,2009,Crimson,5726.9,104,WBA3B1C54EK248006,5,6,2.9
GMC,Sierra 1500,2013,Teal,9954.6,105,WVWAP7AN1EE554807,1,4,2.9
Mercury,Sable,1990,Orange,8555.6,106,19UUA65666A002998,3,4,3.2
GMC,Suburban 2500,1997,Puce,1230.2,107,4USBU335X6L685812,6,4,1.4
Ford,Thunderbird,1958,Goldenrod,9220.0,108,WAUDF48H37K289887,1,4,1.9
Audi,A5,2011,Red,4788.1,109,WAUJC68E35A450299,1,8,1.8
Hyundai,Sonata,2012,Yellow,9457.5,110,3C63DPMLXCG549548,1,7,2.5
Hyundai,Elantra,2012,Turquoise,3200.3,111,1B3CC4FB1AN906619,1,7,3.2
Dodge,Durango,2000,Turquoise,5335.5,112,4USDU53447L543517,1,6,1.9
Honda,Element,2005,Fuscia,4991.3,113,WAUKF98E75A192821,5,8,2.8
Lotus,Esprit,1988,Goldenrod,923.5,114,WAUAF68E45A713648,3,2,2.3
Pontiac,Sunbird,1983,Maroon,4197.2,115,1G6DM577280276345,2,1,1.3
Volkswagen,Fox,1991,Violet,2003.1,116,1FBNE3BL1BD478716,6,5,1.5
Lotus,Elise,2010,Aquamarine,7614.7,117,2G4GV5GV7C9787193,3,1,1.8
Volkswagen,Routan,2011,Orange,9603.2,118,1C3BCBGG5EN630190,4,10,2.7
Ford,Ranger,2003,Maroon,7540.9,119,1FBSS3BL1AD392946,7,2,2.0
Acura,NSX,1999,Teal,9395.6,120,JTEBU5JR9D5100951,7,7,1.2
Ford,Ranger,1994,Puce,1724.6,121,WBAEK734X5B081976,7,4,1.3
Nissan,Sentra,2003,Mauv,10938.7,122,WAUEFAFL2EN562999,5,3,3.3
Maserati,Spyder,1989,Violet,3775.7,123,1C4AJWAG1DL617363,5,7,3.0
GMC,Envoy,2004,Blue,7238.6,124,WBAYE8C53FD192345,5,2,2.3
Suzuki,Swift,1996,Puce,4652.6,125,1G6AU5S81F0494101,1,2,1.1
Kia,Spectra,2009,Indigo,4224.9,126,YV4612HM4F1155368,2,6,1.9
Mitsubishi,GTO,1992,Aquamarine,5939.4,127,WBAPT73529C651452,4,8,3.2
Chrysler,Town & Country,2004,Red,5307.0,128,2C3CCABG1FH539000,7,7,3.6
Lotus,Esprit,1997,Aquamarine,3268.9,129,5TFAW5F15EX397512,7,3,3.4
Volkswagen,Rabbit,2007,Violet,8976.8,130,WBAAZ33403K971760,7,3,2.9
Toyota,Corolla,2008,Teal,3876.1,131,JM3TB2MAXA0101416,6,2,3.1
BMW,X5,2002,Teal,4969.4,132,1G6AZ5SX8F0473867,5,4,1.1
Buick,Century,2002,Indigo,9989.5,133,1B3CB3HA3AD649521,7,2,1.7
Mitsubishi,Cordia,1984,Khaki,4231.2,134,3VW4A7AT1CM876803,7,9,2.9
Mazda,CX-7,2009,Mauv,2080.6,135,JN1AZ4EH2FM254555,7,1,1.8
Geo,Prizm,1994,Aquamarine,10205.0,136,SCBEC9ZA8FC265093,4,5,1.2
Mercedes-Benz,300TE,1992,Fuscia,3678.6,137,JN8CS1MW6EM652735,2,2,1.5
Ford,Laser,1989,Green,6771.7,138,WBABS33492P721377,1,7,2.6
Mercury,Lynx,1985,Indigo,3711.6,139,JA32U1FU1DU712463,5,6,2.9
Cadillac,CTS,2006,Maroon,3518.3,140,3D7JV1EP7BG867577,2,6,2.4
Mercury,Mountaineer,2002,Maroon,9695.2,141,JH4CL96968C823104,2,7,1.9
Ford,F250,1998,Teal,7592.2,142,1GYS3AEF9DR743772,3,1,4.0
Jaguar,S-Type,2008,Crimson,3758.9,143,JTDBT4K35B1802720,4,10,3.8
Toyota,Xtra,1995,Turquoise,10364.5,144,WAUEH98E38A813421,6,5,1.5
Audi,S8,2002,Khaki,6948.6,145,3N1CN7AP1EL675081,2,2,1.3
Volkswagen,GTI,2005,Mauv,6364.6,146,SAJWA2GTXEM436231,2,4,1.5
Jaguar,XJ Series,1993,Maroon,1550.2,147,WBAPK5C53BF785186,2,3,3.7
Lotus,Exige,2007,Purple,1181.6,148,1FTSW3B55AE424633,2,1,2.0
Aston Martin,V8 Vantage,2009,Blue,3829.3,149,1FMEU7DE0AU014377,7,9,2.5
Ford,E350,2006,Purple,3146.5,150,2HNYD18676H653249,2,2,2.7
Infiniti,J,1993,Mauv,2879.3,151,KMHCT4AE4DU480155,5,1,2.1
Chevrolet,Blazer,1996,Red,5910.1,152,WBSBR93465P707550,2,3,3.8
Nissan,Sentra,2012,Goldenrod,5111.1,153,WDCYC3HF5EX512592,4,7,3.4
Dodge,Ram 1500,1997,Puce,9775.1,154,5UXWX7C51CL337963,5,7,3.8
Ford,E-Series,2007,Fuscia,9392.0,155,4F2CY0C79AK211699,7,2,3.3
Ford,Ranger,1988,Purple,2777.8,156,1HGCP2E7XAA496920,4,2,1.8
Volkswagen,GTI,1997,Crimson,7793.8,157,1G6KY54973U434424,2,1,1.3
Mitsubishi,Starion,1984,Yellow,6005.5,158,5UXWX9C56F0149599,6,2,1.6
Kia,Soul,2012,Purple,6594.1,159,WAUJC68E12A009931,5,3,3.1
Cadillac,Escalade ESV,2004,Maroon,8701.6,160,WAU3MAFD0FN710235,1,6,1.8
Lotus,Elise,2009,Indigo,6775.1,161,NM0KS9AN3AT561176,5,10,1.9
GMC,Vandura 2500,1992,Goldenrod,9965.7,162,1FMJU1J52AE022975,7,7,3.8
Dodge,Neon,1996,Teal,8531.6,163,WAUMR94E39N935141,2,3,3.0
Dodge,Ram Van 2500,2002,Violet,6397.5,164,YV4952BZ4E1068316,1,4,3.2
Ford,Taurus,1987,Indigo,7047.2,165,JM1BL1L36C1975595,4,6,1.2
BMW,8 Series,1996,Turquoise,6498.9,166,WA1CYAFE4AD690645,3,3,3.3
Ford,Festiva,1990,Teal,7301.5,167,WDBSK7AA7CF657381,1,8,1.7
Dodge,Caravan,1996,Purple,7754.8,168,1GD12XEG8FF299011,2,4,1.3
Cadillac,DeVille,2005,Pink,2927.1,169,JTDKDTB35F1811303,2,4,1.3
GMC,Yukon XL,2006,Orange,4784.9,170,1G6AA5RA6E0116212,1,9,1.1
Mitsubishi,Diamante,2004,Mauv,8776.9,171,JH4CU25609C715798,1,9,1.6
Plymouth,Sundance,1994,Goldenrod,10263.8,172,WBAYB6C58FD554330,5,1,3.5
Pontiac,Montana,2001,Red,1679.7,173,WA1VMAFE7CD088913,2,9,3.0
Dodge,Caravan,1998,Green,4797.1,174,WAUEFBFL7AN257711,2,3,1.6
Dodge,Grand Caravan,1992,Blue,5306.1,175,2G4WS52J651329137,3,3,3.2
Ford,Bronco II,1984,Yellow,770.1,176,WUADNAFG2BN945845,3,7,1.9
Suzuki,Vitara,2003,Khaki,10955.5,177,JN8AZ2KR2BT298817,7,2,3.3
Chevrolet,Express 3500,2005,Mauv,4921.3,178,2FMDK4JC0AB145835,7,1,3.8
Aston Martin,DB9,2009,Teal,10534.4,179,WAUHFAFL5BN200741,6,10,3.8
Audi,S4,2010,Violet,7313.2,180,1GKS2FEJ1DR572479,6,4,2.5
Audi,5000CS Quattro,1986,Teal,8738.2,181,1GKUCEEF8AR899307,2,1,1.7
Chevrolet,Corvette,1962,Maroon,1992.5,182,JN1AJ0HP2AM931020,4,3,2.4
Acura,RL,2004,Maroon,8380.9,183,3HGGK5G56FM274639,3,9,1.8
Infiniti,I,2001,Red,5104.4,184,1FTMF1E80AF189698,5,10,2.9
Kia,Borrego,2009,Khaki,10107.6,185,KMHCT4AE8CU385239,6,3,1.5
Aston Martin,V12 Vantage,2011,Khaki,5799.2,186,WAUSF78K19N000317,7,5,2.2
Dodge,Ram Van 1500,2001,Mauv,8367.6,187,3GYFNKE69BS406028,4,4,1.3
Eagle,Vision,1995,Blue,9462.6,188,SCFHDDAT7EG107487,7,1,3.3
Jeep,Liberty,2011,Orange,9036.5,189,2G4WB52K921074889,4,10,3.8
Scion,xA,2005,Aquamarine,7472.7,190,1N4AA5AP6DC015591,2,7,3.4
Pontiac,Grand Prix,1963,Pink,8118.9,191,SCBEC9ZAXEC249699,4,10,1.1
Chevrolet,Express 2500,2001,Indigo,8919.2,192,JH4CL96897C774132,4,9,3.8
Ford,F250,2009,Teal,4553.1,193,WAUED64B01N618686,2,4,4.0
Mercedes-Benz,W201,1989,Puce,3844.8,194,1N4AB7APXDN192674,3,10,2.7
Honda,Odyssey,2011,Blue,7991.3,195,WBAGL83564D376080,7,10,1.4
Toyota,RAV4,2012,Fuscia,1879.5,196,JH4KB2F58BC875795,7,2,2.4
Chevrolet,Equinox,2011,Red,5140.2,197,2G4WC582871120904,2,6,2.7
Mercury,Sable,1997,Goldenrod,7262.3,198,1GYEK63NX5R186069,6,3,3.5
Infiniti,G35,2003,Orange,8112.9,199,1N6AA0EJ6FN997100,6,1,2.5
Chrysler,Cirrus,1997,Aquamarine,8146.4,200,JA32X2HU1DU126775,3,4,1.7
Infiniti,I,1997,Puce,4562.9,201,3D7TT2HT8AG931489,4,5,2.2
Buick,Century,1995,Teal,5344.7,202,WBAGN63565D072277,4,6,2.3
Hummer,H3,2007,Aquamarine,10541.7,203,1G4GF5G39DF335945,3,5,2.1
Audi,A8,1999,Purple,8847.1,204,WBAKF3C56BE150360,7,1,2.6
Toyota,Tercel,1993,Purple,4588.6,205,WA1EY94L68D325743,6,4,1.4
Nissan,370Z,2010,Blue,8025.6,206,WDDHF0EB8FB592651,6,1,2.2
Mazda,Mazda3,2005,Orange,1673.2,207,YV126MFC9F2781222,2,2,2.3
Lexus,SC,1998,Orange,5021.3,208,JTHKD5BH5B2765112,7,8,2.2
Suzuki,Daewoo Magnus,2005,Orange,1232.3,209,5GAKVCKD9EJ610669,5,7,1.7
Mazda,Mazda6 Sport,2006,Goldenrod,6776.0,210,WAUXL68E95A448924,2,5,3.2
Chrysler,New Yorker,1996,Blue,7071.4,211,1N6AA0CC2EN970415,7,9,2.8
Dodge,Ram Van 2500,1998,Turquoise,4636.8,212,WBAGN63433D369866,5,2,1.9
Audi,S6,2002,Puce,2363.4,213,1GD12ZCG4BF087666,2,9,1.1
Chevrolet,Beretta,1992,Yellow,5046.7,214,3N1AB6AP4BL933065,4,7,3.2
Dodge,Colt,1989,Mauv,1281.4,215,3VW4A7ATXCM213195,3,4,1.2
Dodge,Ram Wagon B350,1992,Yellow,2280.3,216,WA1DGAFE3DD906576,5,10,1.6
Volkswagen,Golf,2001,Violet,4302.6,217,WAUDH78E38A545549,3,3,2.8
Honda,Civic,2007,Green,3836.2,218,1G4HP54K624176386,3,2,2.4
Lincoln,Navigator,2007,Maroon,7730.7,219,3N1CE2CP7FL999850,4,3,2.7
Saturn,Astra,2009,Crimson,9103.3,220,WBAYA8C50ED291568,6,5,3.1
Infiniti,G,1999,Teal,9560.0,221,SCFEBBAK9EG933312,4,3,3.3
GMC,Yukon,2007,Orange,8079.3,222,JN8AZ2NC9E9366555,6,3,1.1
Hyundai,Santa Fe,2001,Mauv,1247.3,223,WAUDGBFL1CA828189,2,8,2.2
Lincoln,Mark VII,1992,Teal,4189.9,224,WBAKF5C5XDJ143269,1,3,3.2
Lexus,GS,1993,Blue,7380.9,225,2G4GK5EX5E9109381,1,6,2.6
Ford,E150,2006,Fuscia,2187.4,226,KMHFG4JG7CA805738,7,1,3.3
Mercedes-Benz,M-Class,2003,Orange,6333.7,227,YV126MFJ5F1679419,7,10,1.8
Hyundai,Elantra,2006,Goldenrod,5548.1,228,1G6AH5R37F0316854,4,3,1.8
Chevrolet,Sportvan G30,1995,Puce,3353.2,229,WBA3V9C51F5920190,7,8,2.9
Chrysler,Sebring,2004,Fuscia,4357.6,230,2T3BFREV5DW885328,7,6,1.8
Dodge,Ram Van 1500,1996,Mauv,9487.3,231,WAUPL68E55A562743,2,5,1.0
Mercedes-Benz,GL-Class,2008,Teal,7151.7,232,WAUVT58E53A200944,3,3,2.9
Honda,Accord,1995,Blue,1684.1,233,WAUAF78E28A015016,4,8,2.6
Pontiac,Grand Am,1999,Green,3146.2,234,2G61U5S3XD9155876,6,10,3.6
Toyota,Land Cruiser,2003,Purple,6655.4,235,5N1AA0ND0FN976784,1,9,1.3
MINI,Cooper Clubman,2012,Indigo,8444.1,236,WAUDFAFL2CN680172,5,10,2.2
Mercedes-Benz,M-Class,2000,Green,8295.0,237,3VW1K7AJ6FM981520,6,1,1.2
Infiniti,QX,1998,Pink,5457.5,238,2T2BK1BA4EC690648,6,3,2.0
Dodge,Daytona,1993,Blue,8117.0,239,WAUDV94F29N717714,3,5,1.9
Lincoln,Navigator,1999,Khaki,4906.3,240,WP0AB2A86FK384295,5,7,1.0
Ford,Thunderbird,1977,Goldenrod,9910.7,241,5J6TF1H37AL871665,2,1,2.7
Honda,CR-V,2010,Teal,4026.6,242,2T1BU4EE7BC159454,7,4,3.3
GMC,Savana 3500,2012,Turquoise,9957.1,243,4T1BD1EBXDU487828,1,5,1.4
Ford,Aerostar,1993,Violet,10405.2,244,1G6DP577570347043,5,9,3.1
Mercedes-Benz,CL-Class,2009,Red,8314.4,245,YV140MAM0F1517662,6,10,3.1
Cadillac,STS,2010,Goldenrod,6155.0,246,WBSBR934X4P726214,5,1,3.6
Dodge,Ram 50,1993,Teal,3865.9,247,WBAPH7G52BN993277,3,6,2.5
GMC,Yukon XL 2500,2009,Indigo,5389.0,248,KNDJN2A2XE7925689,2,3,3.8
Chevrolet,Suburban 2500,1992,Turquoise,4467.9,249,2G4WF551931835445,1,1,2.9
BMW,M3,1997,Fuscia,9224.5,250,JN1CV6EK7FM201104,6,3,2.2
Toyota,Matrix,2004,Blue,7797.4,251,WVGEG9BP5DD918093,3,6,2.7
Audi,A3,2010,Puce,2131.7,252,KNDJT2A23D7070886,6,3,3.9
Land Rover,Range Rover,2012,Purple,9862.2,253,1YVHZ8BH3A5892379,1,2,2.9
Toyota,Previa,1997,Purple,7808.0,254,1FMNE1BW5AD561280,7,9,1.6
Eagle,Talon,1992,Goldenrod,8126.5,255,KNAFU6A22A5219447,3,8,1.9
Audi,A8,2004,Turquoise,2008.2,256,1GKUCEEF6AR741886,6,3,1.9
Plymouth,Acclaim,1995,Turquoise,8359.9,257,SALVN2BG0EH051108,1,4,2.5
BMW,M3,1998,Turquoise,9716.2,258,5N1AL0MM2FC524262,4,9,2.0
Audi,A4,2011,Indigo,9598.1,259,1C3CDFBB2ED949931,2,4,2.4
Volkswagen,Passat,2004,Blue,9924.4,260,1GYS4BEF1BR071710,2,3,2.5
Pontiac,LeMans,1967,Violet,10364.8,261,3GYFNBEY7BS657759,1,7,2.8
Isuzu,i-Series,2008,Aquamarine,6914.8,262,1B3AZ6EZ7AV335718,5,1,3.3
Hyundai,Sonata,1994,Green,10393.8,263,WBAEB535X8C962172,7,3,1.4
Chevrolet,Cruze,2012,Indigo,6043.7,264,WAUDT48H85K719659,5,2,3.4
Chevrolet,Impala,2002,Pink,9147.4,265,2G4GN5EX6F9987295,4,6,3.1
GMC,Yukon XL 2500,2012,Turquoise,4585.8,266,3D73M3HL0AG967714,6,7,3.2
Volvo,S40,2000,Khaki,8665.8,267,WBANN73547C899376,4,1,1.4
Infiniti,QX,2001,Turquoise,943.3,268,5TDBK3EH2DS490303,2,4,2.2
Infiniti,G25,2011,Indigo,9949.9,269,JTHFE2C25D2761779,6,4,1.5
Mazda,CX-7,2010,Indigo,1487.7,270,WAUSH78E26A782716,4,8,3.8
Mercedes-Benz,500SEC,1993,Turquoise,10504.2,271,KL4CJCSB3EB815650,2,10,2.9
Cadillac,Escalade EXT,2009,Fuscia,8188.1,272,3CZRE3H30BG944706,6,10,2.1
Jaguar,XK Series,2005,Orange,9510.5,273,WAUAFAFLXEN864183,1,9,2.8
Hummer,H2,2005,Blue,8444.9,274,KNADH4A36A6043943,4,4,1.1
Audi,Coupe GT,1986,Teal,10673.1,275,19UUA75587A923604,6,5,2.1
Audi,V8,1991,Crimson,7454.6,276,JHMZE2H70ES033547,5,7,1.3
Mitsubishi,Chariot,1987,Mauv,9500.7,277,3C4PDCDG5CT656469,1,8,3.3
Isuzu,Trooper,1999,Teal,3306.9,278,WBA3K5C59EK729392,5,5,3.2
Pontiac,6000,1987,Indigo,10983.2,279,JTEBU5JR7D5207092,1,5,3.5
Ford,F250,2003,Puce,7825.4,280,WA1CMBFP0FA646234,2,3,2.2
GMC,Sonoma Club Coupe,1995,Mauv,5034.5,281,1FTSF3B52AE877107,5,9,1.0
Ford,F150,2006,Maroon,1849.8,282,3C3CFFER9FT259026,1,10,2.4
Land Rover,Freelander,2003,Pink,3529.1,283,WDDGF4HB6ER561323,5,8,2.7
Mazda,Millenia,2001,Turquoise,2315.5,284,WP1AA2A28BL641469,3,7,2.0
BMW,5 Series,1992,Aquamarine,2627.7,285,1G6KD57Y38U642080,2,4,2.1
Buick,Lucerne,2007,Violet,2630.9,286,TRUTC28N461570270,3,7,1.1
Audi,A4,2009,Teal,7040.8,287,WAUUL78E56A279172,6,7,3.8
Isuzu,Trooper,1995,Violet,5835.3,288,WAUPEBFM6DA300435,7,9,4.0
Chrysler,PT Cruiser,2008,Mauv,7437.9,289,W04GR5EC0B1164800,1,10,3.8
Dodge,Dynasty,1992,Orange,6170.8,290,JN1CV6FE8EM468081,4,6,1.7
Isuzu,Rodeo,2000,Goldenrod,10594.4,291,5UXFF03579L653922,2,3,3.5
Geo,Metro,1993,Violet,9978.6,292,1GYFC66848R469031,7,8,3.5
Toyota,Tacoma,2011,Orange,4625.5,293,1C4NJCBA7DD020352,4,2,2.6
Honda,Civic,2011,Fuscia,8921.7,294,WBSDX9C55DJ538940,5,6,2.2
Mercedes-Benz,E-Class,2001,Goldenrod,7990.2,295,SCBLC47J97C734206,3,2,2.6
Chevrolet,Silverado 1500,2006,Aquamarine,1439.4,296,5FRYD4H27GB689825,5,9,1.4
Nissan,Frontier,2001,Fuscia,8306.0,297,YV140MEB1F1252100,4,10,2.9
Buick,Rendezvous,2003,Maroon,1396.7,298,WAUFL44D93N495213,6,5,2.3
Maserati,Biturbo,1984,Fuscia,2221.0,299,5TDBK3EH3BS032699,6,5,1.1
Kia,Spectra,2006,Fuscia,5503.9,300,WBADS33472G378450,5,9,1.6
Plymouth,Acclaim,1993,Fuscia,5783.3,301,WAUJC68E43A032752,4,4,3.6
Land Rover,Defender Ice Edition,2010,Puce,10226.4,302,1FTWW3B59AE041540,4,9,2.8
Land Rover,Discovery,2003,Khaki,2553.8,303,WBAEK73485B744073,6,1,1.7
Ford,Freestyle,2006,Green,2653.0,304,2T1BURHE7FC976454,4,9,3.5
Jeep,Cherokee,2000,Maroon,5463.6,305,2G61S5S39D9052180,1,10,3.3
Jeep,Comanche,1992,Pink,7838.7,306,WBAPK7C59AA560522,4,4,3.6
GMC,Yukon XL 2500,2006,Maroon,8258.1,307,WAUEFAFL2AN995247,2,8,3.4
BMW,3 Series,1994,Purple,1430.4,308,2G4WS52J741511640,4,9,2.6
Hyundai,Santa Fe,2004,Crimson,10293.9,309,WBA3B9C50EF412780,2,9,4.0
Ford,Festiva,1992,Blue,7316.7,310,1FTWW3A52AE001639,1,1,1.7
Lotus,Esprit,1997,Blue,1323.6,311,JTJYWRBZ5F2994138,7,10,2.4
Dodge,Ram Van 3500,1999,Purple,7490.6,312,WBAFR9C54DC101281,4,4,1.6
Infiniti,M,2006,Puce,2495.7,313,JH4KA96582C952595,6,6,3.3
BMW,5 Series,1998,Violet,4701.3,314,1GYFK63838R729331,3,10,3.3
Mercedes-Benz,R-Class,2012,Puce,10284.7,315,1G6DS8E3XC0720975,6,3,2.1
Mazda,MPV,1997,Khaki,2611.3,316,5GAEV23D39J550285,7,4,2.4
BMW,7 Series,2002,Turquoise,8804.1,317,WA1CGAFP6FA187504,6,3,1.6
Hyundai,Santa Fe,2010,Violet,5486.3,318,5J6TF1H58FL879637,5,8,3.9
Ford,Taurus,2013,Puce,8160.1,319,1GD120EG9BF896234,6,5,2.2
Volkswagen,Rabbit,2008,Maroon,2087.1,320,4A31K2DF1BE506321,1,8,2.3
Mazda,MX-5,1996,Crimson,1056.4,321,JN1CV6AP1CM444226,2,8,1.2
Mercedes-Benz,E-Class,1989,Crimson,6899.8,322,1LNHL9DR5AG294233,4,10,1.6
Audi,Cabriolet,1997,Yellow,9468.9,323,1C3CCBCB6CN823458,2,6,2.1
Jeep,Cherokee,1996,Pink,4970.6,324,3N1AB6AP2CL221655,3,9,1.4
Chrysler,Sebring,1995,Fuscia,5441.4,325,WDCYC3HF5AX643872,2,2,1.9
Jeep,Grand Cherokee,2011,Violet,2985.5,326,5N1AN0NW6EN935032,7,8,3.0
Porsche,911,2007,Violet,5488.3,327,JTHBL1EF1A5020313,1,6,2.9
Subaru,Justy,1994,Maroon,3681.1,328,2C3CA6CT8BH688044,1,9,2.6
Volvo,V50,2006,Pink,4776.3,329,WAUEH48H18K820472,1,9,1.3
Oldsmobile,LSS,1998,Goldenrod,1840.2,330,4T3BA3BB3AU965129,6,2,2.2
Volkswagen,GTI,1996,Khaki,3297.7,331,JTDZN3EU4FJ074580,3,3,1.2
Mazda,MPV,2005,Teal,9819.0,332,SCFBB03B28G110195,4,3,3.7
Land Rover,Range Rover,2009,Pink,8000.2,333,WBA5B1C50FG162625,4,10,2.8
Mitsubishi,3000GT,1997,Indigo,10150.8,334,WAUFFAFL7EN965560,6,4,3.3
Audi,Q5,2011,Blue,8607.2,335,1FBNE3BL9BD866857,2,9,1.9
Chevrolet,2500,1992,Green,9855.1,336,SALME1D49CA294821,7,2,3.0
Mazda,Familia,1990,Maroon,6726.9,337,1GYS3NKJ8FR613694,3,3,4.0
Mazda,Familia,1988,Blue,7100.7,338,1G6DC8E31E0398694,4,5,3.0
Aston Martin,Rapide,2012,Mauv,7330.8,339,JTHBE5C29C5340533,3,5,3.2
Ford,Bronco II,1988,Indigo,5513.5,340,5N1AN0NW7FN963469,7,10,2.7
Volkswagen,Passat,1986,Violet,6568.2,341,1GKKRNED2CJ492038,2,10,2.5
Porsche,Carrera GT,2005,Blue,2956.6,342,JTDJTUD38DD782781,2,6,1.2
Infiniti,FX,2007,Violet,8774.4,343,2G4WD582981840386,6,9,2.8
Saab,9000,1989,Khaki,1115.6,344,WA1CGBFE3ED136866,6,10,1.3
Ford,E-Series,1987,Purple,5900.1,345,4T3BA3BB2AU902880,5,9,2.0
Isuzu,Rodeo Sport,2001,Goldenrod,3144.4,346,3VW8S7AT9FM094087,1,3,2.0
Oldsmobile,Aurora,2002,Yellow,1512.3,347,WBAGJ034X1D029572,2,9,2.4
Mercedes-Benz,E-Class,1999,Purple,4917.1,348,1G6KD57Y21U952730,1,9,1.5
Infiniti,Q,2006,Mauv,8538.4,349,2C3CK3CVXAH288983,5,6,1.1
Suzuki,Aerio,2004,Indigo,8019.2,350,KNADM5A3XE6552604,6,1,2.7
Pontiac,Grand Prix,1987,Blue,9447.6,351,SCFEBBCF5CG780036,1,5,2.5
Volvo,S40,2005,Yellow,8110.2,352,SCFFDCCD3AG785834,4,8,1.8
Honda,CR-V,2006,Mauv,10596.5,353,JTDKN3DP0D3391352,7,4,3.1
Ferrari,FF,2012,Violet,6710.1,354,WA1YD64BX5N642767,1,8,3.1
Buick,Electra,1985,Khaki,6465.0,355,JN1CY0AP8AM510482,2,6,3.8
Chevrolet,Express 3500,1997,Violet,3279.4,356,3C63DPJL3CG165129,1,10,2.0
Mercedes-Benz,CLK-Class,2002,Turquoise,6055.1,357,WAUAFAFL4CA470263,2,1,1.7
Hummer,H3,2010,Green,2675.5,358,2D4RN4DE9AR581711,6,1,1.6
GMC,Savana 1500,2011,Fuscia,10548.6,359,1G6DS1E39D0738568,1,10,3.7
Volkswagen,Jetta,2008,Pink,2094.1,360,5GADT13S342911673,4,9,1.8
Ford,F-Series,2004,Teal,5092.0,361,WBA3B5C56EP278666,5,7,3.1
Lincoln,Continental Mark VII,1988,Aquamarine,5148.0,362,1GTN1TEH0FZ604395,2,4,2.5
Suzuki,SX4,2011,Pink,1866.5,363,2C3CCAAG2CH509081,2,5,1.1
Bentley,Arnage,2007,Puce,6140.7,364,WBAUT9C5XAA152073,7,6,3.8
Jaguar,XK Series,2000,Blue,8089.8,365,JM1NC2JF1D0502338,2,8,3.3
GMC,Sierra,2009,Mauv,9887.0,366,WBAAV53411J158535,7,4,1.7
Infiniti,QX,2011,Pink,8449.2,367,1G4PT5SV4E4218028,5,9,3.9
Lamborghini,Aventador,2012,Aquamarine,1141.1,368,WAUKFAFL2DN795301,6,3,1.7
Volkswagen,Vanagon,1984,Khaki,1425.2,369,5N1AZ2MG3FN046118,7,6,1.9
Volkswagen,GTI,1989,Teal,4268.5,370,SALFP2BN9AH463535,4,2,2.7
Jeep,Cherokee,1999,Green,6694.2,371,1G6DV1EP4E0038095,7,2,2.5
Dodge,Ram 2500 Club,1999,Green,9334.3,372,1G6DS1ED9B0558383,1,9,1.5
Mitsubishi,Galant,1987,Violet,9182.7,373,1FTEW1E81AK836170,3,8,1.5
Kia,Sedona,2008,Fuscia,2272.2,374,SCFBF03B47G657908,5,3,1.8
Kia,Sephia,1994,Blue,6926.6,375,3D73M3HL5BG011419,2,4,2.6
Buick,LeSabre,1993,Violet,10679.6,376,1N6AF0LX6EN058472,1,6,2.1
Ford,Explorer,2013,Blue,4307.1,377,WBANV9C54AC496453,1,3,3.8
Suzuki,XL-7,2005,Puce,5999.5,378,1FTMF1CWXAF099394,7,4,2.0
Mitsubishi,Chariot,1991,Purple,9275.4,379,WA1WKAFPXCA322751,5,1,3.7
Mazda,MX-6,1991,Indigo,9944.2,380,YV1672MKXD2994108,1,5,2.8
Volkswagen,Phaeton,2006,Maroon,1913.7,381,WBAVM1C58DV708039,5,10,3.2
Honda,del Sol,1996,Pink,4154.1,382,5UXWX9C51D0327304,2,7,3.2
Chevrolet,Aveo,2007,Maroon,2490.4,383,1GD11XEG7FF677743,3,5,3.5
Mazda,B-Series,1986,Green,4617.1,384,1G6YV36A275556395,4,8,2.8
Kia,Mentor,1997,Fuscia,10744.1,385,KL4CJHSB4FB294579,5,7,3.2
Mercedes-Benz,SLR McLaren,2007,Blue,6937.8,386,1G6AM5S37D0566372,6,8,2.6
Lincoln,Town Car,1987,Blue,10920.3,387,1FMNE1BW2AD315352,6,10,1.4
Toyota,Truck Xtracab SR5,1989,Khaki,3745.2,388,WAUDGBFL4DA054036,7,10,2.5
Isuzu,Hombre,1997,Violet,8110.5,389,WBANA53534B848212,4,2,3.0
Cadillac,Escalade EXT,2006,Orange,6152.7,390,WBAEN33474P363316,3,6,3.4
Pontiac,Tempest,1966,Fuscia,9097.8,391,2C3CDXCT3FH357973,3,5,1.8
BMW,5 Series,2009,Teal,4157.3,392,JN8AS1MU9BM867401,5,5,3.2
Nissan,Frontier,2001,Purple,7987.8,393,1G6DH8EY2B0932004,2,5,3.2
Infiniti,QX,2007,Goldenrod,8626.4,394,W04GU5GC4B1716312,4,7,2.9
Subaru,Forester,2001,Goldenrod,10266.1,395,1FAHP3CN0AW426864,2,3,2.0
Mazda,Millenia,2002,Yellow,9312.1,396,WA1LGBFE4CD788389,4,4,3.4
Mazda,Miata MX-5,1993,Blue,8365.8,397,2HNYD18735H323499,4,10,2.3
Infiniti,I,2004,Indigo,10312.9,398,1C4RDJDG1FC285369,3,4,3.8
Acura,Integra,1998,Purple,6095.8,399,WBAYA6C54FD419056,1,8,2.2
Volvo,740,1992,Puce,5988.1,400,WBANV13569B968624,1,10,4.0
Ford,Explorer Sport Trac,2010,Crimson,2332.3,401,2T2BK1BA3CC521945,2,8,2.9
Chevrolet,Suburban 2500,2006,Purple,750.8,402,WAURD68D61A025497,6,4,4.0
Bentley,Continental GTC,2010,Khaki,9311.8,403,JH4DC54803C246747,7,5,3.3
Ford,Transit Connect,2010,Blue,9814.3,404,WAUNF98P06A352263,7,4,2.7
BMW,X5,2002,Turquoise,3476.1,405,WAUCFAFR7DA937898,6,8,2.4
Honda,Passport,1994,Blue,7524.5,406,1G6AB5R33E0761821,2,10,2.5
Ford,F350,2008,Indigo,4667.9,407,1C4RDJDG1EC697273,3,6,3.1
Dodge,Daytona,1984,Goldenrod,10268.1,408,4USBT53505L813942,5,7,3.9
BMW,X5,2009,Fuscia,6426.4,409,1G6DJ5EG5A0137280,2,1,2.0
Ford,Contour,1996,Goldenrod,5115.6,410,JTHBE1D26E5802993,2,9,1.5
Mazda,RX-7,1989,Red,8413.1,411,WBAVD13536K887031,6,3,1.9
BMW,M5,2008,Puce,1706.4,412,1N4AL2AP4CN100392,7,6,2.7
Saturn,S-Series,1997,Puce,1223.6,413,JN1AZ4EHXCM999338,7,7,3.4
Mercury,Topaz,1991,Khaki,9618.0,414,JHMZF1C66CS399421,6,8,3.4
Suzuki,SJ,1994,Maroon,8075.9,415,WAUMGAFL9AA985928,3,3,2.6
Dodge,Stratus,2002,Purple,7992.0,416,YV1622FS5C2157647,7,9,1.1
Infiniti,I,1998,Puce,7448.3,417,3VW4A7AT7DM626693,1,7,1.0
Scion,tC,2008,Red,10374.8,418,WAUVT54B83N834088,1,5,1.5
Mazda,Miata MX-5,2009,Indigo,1111.7,419,4T1BK3DB0AU870059,3,9,3.7
Ford,Contour,1996,Fuscia,1602.0,420,WA1CMAFEXCD415909,1,7,2.0
Dodge,Dakota Club,2005,Purple,9714.5,421,WBAUN1C5XDV136934,3,6,2.6
Mitsubishi,Expo LRV,1996,Aquamarine,5800.9,422,1C4AJWAG4CL908440,6,7,3.3
Toyota,Tacoma,2012,Aquamarine,3138.7,423,WAUFFAFL3AN069427,5,3,1.8
Acura,RDX,2012,Purple,9014.6,424,1FMJK1H51DE431095,3,7,1.7
Volvo,XC90,2008,Mauv,1874.9,425,5GAKRBKD6EJ574616,3,4,1.7
Lexus,ES,1998,Violet,8098.7,426,WBSWD9C54AP488610,3,7,2.9
GMC,Yukon XL 1500,2001,Orange,3323.3,427,WAUDH78E38A853112,6,2,2.6
Volkswagen,Jetta,1995,Turquoise,7454.9,428,KM8NU4CC4AU053409,3,1,2.4
Mercury,Cougar,1994,Red,10567.0,429,19UUA8F51CA490819,7,2,2.2
Pontiac,Bonneville,1968,Goldenrod,8361.6,430,WDDDJ7CB1AA137650,1,6,3.6
Mercury,Cougar,1995,Khaki,10334.4,431,1C3BCBGG5CN992081,3,3,1.5
Chevrolet,Cavalier,2002,Maroon,6378.0,432,1FTEX1E82AF585276,5,6,4.0
Mazda,Mazda2,2011,Khaki,9364.7,433,WBAEV33432K703555,6,9,1.1
Chrysler,New Yorker,1996,Purple,5460.6,434,3G5DA03E13S256884,2,3,3.5
Toyota,TundraMax,2010,Mauv,5637.4,435,1FTSF3A50AE945647,7,6,1.5
Volkswagen,Golf,1987,Pink,3920.9,436,3D73Y3CL3BG113412,1,1,4.0
Chevrolet,Silverado 1500,2002,Green,7615.0,437,1G4GD5GR2CF034426,3,7,2.8
Honda,Accord,1983,Crimson,2603.7,438,1G6DC1ED1B0965532,4,5,1.1
Pontiac,Grand Prix,1964,Indigo,9819.6,439,1FTWF3A55AE179996,2,9,1.9
Lexus,ES,2002,Teal,8556.7,440,4T1BK3DB3AU521736,5,1,1.1
GMC,Savana 3500,1997,Aquamarine,5621.2,441,1GD312CG5CF971748,5,4,3.5
Kia,Sedona,2012,Khaki,5028.3,442,1VWAH7A3XDC207091,3,9,1.2
Ford,Econoline E250,1997,Pink,9481.6,443,1GYEC63808R001944,6,1,2.5
Mitsubishi,Galant,1998,Aquamarine,7596.0,444,5N1AA0ND8FN127048,4,10,3.7
Toyota,Corolla,2000,Aquamarine,5965.6,445,WBAFB33581L202742,2,4,2.6
Lincoln,MKZ,2012,Violet,4394.7,446,55SWF4JB0FU954370,6,2,2.0
Oldsmobile,Alero,2001,Yellow,9741.3,447,1G6DJ8EV5A0459613,4,5,1.7
Pontiac,Trans Sport,1993,Purple,2524.2,448,WBANF33527B947663,6,2,1.4
Ford,Econoline E250,2000,Maroon,8712.8,449,5TDDK3DC2FS917514,4,10,1.8
Suzuki,SJ 410,1984,Teal,9440.0,450,5J8TB18208A854187,3,4,1.6
Volvo,C70,2000,Indigo,9218.9,451,JTJBC1BA9A2402484,2,5,3.9
Maybach,57,2008,Indigo,3361.7,452,WUATNAFGXEN446923,5,5,3.9
Audi,S6,2007,Mauv,4988.3,453,3C4PDCDG4DT167210,3,7,3.2
Chrysler,PT Cruiser,2010,Yellow,1694.2,454,JTDJTUD37ED594528,5,3,2.8
Volvo,C30,2009,Fuscia,7894.1,455,2FMDK3AK8EB937822,5,8,2.3
Lincoln,Aviator,2005,Fuscia,7021.0,456,WP0CB2A86CS757419,6,1,3.5
Audi,S4,1993,Crimson,7696.0,457,5TDDK3DC3BS489365,6,9,3.6
Volvo,XC90,2012,Orange,951.6,458,5LMJJ3H54AE320633,4,6,2.5
Daewoo,Leganza,2000,Purple,10857.9,459,3C4PDCEG9FT595453,4,7,2.5
Bentley,Continental Flying Spur,2010,Maroon,10729.0,460,4T1BK3DB1AU019887,2,5,2.9
BMW,X6,2011,Red,7983.6,461,JN8BS1MW6DM723135,6,4,2.6
Ford,Laser,1987,Purple,5894.5,462,19VDE1F70EE270544,7,2,3.3
Chevrolet,Tahoe,2004,Goldenrod,1886.2,463,3C63D3LLXCG527205,4,8,2.0
Nissan,Quest,2001,Khaki,4269.2,464,JN8AZ2KR7CT618196,1,4,2.4
Ford,Festiva,1992,Yellow,2661.6,465,WAUBVAFB5AN352291,1,5,1.3
Porsche,911,2009,Aquamarine,2327.7,466,4T1BF1FK6EU237626,7,5,2.8
Pontiac,Grand Prix,1996,Green,5807.6,467,SCFFBCBD0BG013574,4,4,2.1
Suzuki,SX4,2011,Puce,9285.3,468,WBA3B5C59DP809163,4,7,3.0
Ford,Expedition EL,2009,Fuscia,2194.3,469,1N4AL3AP5DC637744,4,10,1.5
Mercury,Mountaineer,2006,Pink,9136.1,470,1GYFC66868R095747,7,1,2.9
Volvo,V70,2001,Violet,8569.0,471,JN1CV6EK0FM297447,3,7,1.7
GMC,Yukon XL 1500,2009,Crimson,7684.7,472,JN1CV6EK9CM295868,6,5,3.4
Mercury,Sable,1997,Purple,2692.3,473,WA19FAFL7DA928749,3,4,1.3
Chrysler,300,2005,Purple,8436.7,474,2G4WF521041740715,4,10,3.1
Land Rover,Discovery,1997,Pink,2852.2,475,3D7TP2CTXBG085458,6,3,2.8
Buick,Park Avenue,2001,Green,9768.0,476,WAUJGBFC9DN540286,4,2,3.8
Volvo,V70,2009,Orange,742.2,477,WAUMF98K09N450240,6,6,2.5
Lexus,LS,1990,Pink,2878.9,478,1HGCP2E30AA592147,2,9,1.6
Mitsubishi,Lancer Evolution,2003,Aquamarine,10939.9,479,WBAVM5C56EV852536,4,2,2.2
Mazda,Protege,2002,Red,6978.6,480,1FMJK1K5XAE494099,1,2,3.9
Volkswagen,Eos,2008,Blue,2059.4,481,1G6AK5SX2E0998023,2,10,1.8
Toyota,Land Cruiser,2007,Maroon,7897.9,482,3GTU2YEJ7BG784798,3,6,1.2
Mazda,Miata MX-5,2009,Green,10684.8,483,1D4PT7GXXBW007512,4,4,3.3
Ford,Bronco,1990,Maroon,4819.7,484,WAUJC58E75A559679,2,8,2.5
Volkswagen,Eurovan,2002,Blue,8048.6,485,2C3CDYAG0CH699940,4,9,3.4
Pontiac,LeMans,1966,Khaki,1292.9,486,5J8TB4H33GL036448,1,5,1.9
Cadillac,SRX,2007,Indigo,7826.7,487,JTDKDTB39D1211851,1,7,2.0
Pontiac,Trans Sport,1996,Indigo,6787.1,488,1FTSW2B59AE538838,2,1,3.1
Lincoln,MKS,2013,Fuscia,7679.8,489,JTHBW1GG2E1718164,3,5,2.0
Toyota,TundraMax,2007,Yellow,4644.5,490,WBA3B5C56DP299791,1,7,3.8
Audi,A8,2012,Orange,3281.1,491,2G4WS52J251617219,2,3,2.2
Lincoln,Town Car,1992,Purple,6925.4,492,WAUEF98E86A831626,4,5,2.1
Dodge,Viper,2003,Fuscia,8962.3,493,JTEBU4BF0EK347163,7,10,1.5
Dodge,Ram 2500 Club,1999,Turquoise,4135.4,494,WA1VMBFE7AD410646,3,5,3.5
Porsche,911,1987,Purple,5173.6,495,4USCN33422L682633,5,1,1.4
Porsche,Cayman,2006,Maroon,7344.2,496,1GYS4DEF9BR079694,7,2,2.3
Dodge,Grand Caravan,2007,Khaki,5098.4,497,5FRYD3H29FB343090,2,1,2.3
Mazda,MPV,1990,Red,4158.4,498,WA1LGAFE2FD876310,7,10,2.7
Maserati,Biturbo,1984,Orange,2022.7,499,WAUCFAFR0CA135692,5,8,1.6
Chevrolet,Malibu,2010,Blue,4425.0,500,5UXWX7C51CL780629,1,10,1.9
Ford,Econoline E250,2000,Yellow,2764.2,501,2HNYD2H28DH440892,3,6,1.0
Acura,Vigor,1994,Purple,3501.5,502,WAUCFAFC0DN869075,4,5,2.7
Subaru,Forester,2005,Goldenrod,5869.7,503,1FTWW3CY4AE425119,6,1,3.1
Dodge,Viper,2003,Red,5956.3,504,SAJWA0F75F8071198,3,6,3.5
Mercedes-Benz,CLK-Class,2006,Orange,1441.2,505,5BZBF0AA5EN778626,5,2,1.9
Mercedes-Benz,C-Class,2003,Khaki,9651.0,506,WAUVC68E85A452891,2,9,1.8
Pontiac,Grand Prix,1972,Green,5933.8,507,YV1952AS3E1575323,1,4,2.1
Mazda,RX-8,2005,Green,7074.8,508,1C4RDJDG6EC451464,3,7,1.2
Pontiac,LeMans,1992,Maroon,5665.7,509,1FTEW1CM2EF881018,3,1,2.7
Audi,A6,2001,Green,5029.6,510,KNAFX6A88E5320641,2,9,3.2
Oldsmobile,88,1999,Yellow,4867.7,511,3VW467AT3DM565442,6,6,2.0
Plymouth,Laser,1991,Green,7219.2,512,JN1AJ0HP2CM237821,5,6,2.3
Aston Martin,Vantage,2008,Goldenrod,8104.1,513,1GYS4EEJ6CR228493,2,7,2.6
Ford,Explorer,2001,Violet,2213.4,514,WBAEU33442K265311,2,1,2.7
Ford,F150,2000,Aquamarine,1936.8,515,WAULD54B62N648150,2,7,1.4
Volkswagen,riolet,1993,Khaki,4197.7,516,1C3BCBEB5EN811216,2,4,2.3
Infiniti,FX,2010,Aquamarine,6809.4,517,JTEBU5JR7B5220003,6,1,2.8
Nissan,Maxima,1998,Fuscia,2200.6,518,JN1CV6EK0BM776817,1,4,3.7
Dodge,Dakota,2001,Violet,7429.7,519,JN1CV6FE8AM111414,3,2,1.1
Nissan,Pathfinder,2003,Turquoise,6251.0,520,1FTKR1AD1BP513710,7,1,3.0
Ford,Mustang,1987,Fuscia,9778.9,521,WBALW3C59EC585796,5,9,1.4
Kia,Sorento,2005,Maroon,3042.2,522,SCBLE37G83C633578,3,10,3.8
Mercedes-Benz,GL-Class,2011,Maroon,3085.2,523,WAUAF68EX5A012483,3,7,3.1
Pontiac,Vibe,2007,Turquoise,3255.2,524,1FMEU6DE2AU718302,7,5,3.0
Chevrolet,Malibu,2008,Pink,5942.9,525,1D4PU5GK0AW117909,7,7,3.9
Chevrolet,Tahoe,2011,Turquoise,5829.6,526,WBAYB6C57FD090415,2,10,3.0
Kia,Sorento,2004,Yellow,5876.3,527,5UXKR2C53F0001216,6,10,1.1
Volkswagen,Golf,2000,Pink,7602.9,528,5NPDH4AEXCH731778,2,4,1.7
Mitsubishi,Montero,1998,Teal,1251.6,529,3GYFNGE33DS293960,5,7,4.0
Volkswagen,Passat,2005,Mauv,7175.4,530,1G6YV36AX85716766,7,1,3.1
Chevrolet,Impala,1994,Indigo,7244.7,531,JN1CV6FE2BM358607,1,10,3.8
Acura,RDX,2011,Orange,8763.8,532,WBANB53596C842537,1,6,1.8
Ford,Courier,1987,Fuscia,4638.5,533,1G6DK8EY4B0507997,6,5,3.1
Lamborghini,Countach,1985,Orange,7410.2,534,WVWAP7AN2EE126499,7,6,2.4
Spyker,C8 Laviolette,2004,Fuscia,10618.2,535,1FTWF3A50AE534248,7,5,2.3
Bentley,Brooklands,2009,Crimson,7373.2,536,5N1AT2ML8FC338356,4,6,3.2
Daewoo,Nubira,1999,Yellow,4282.3,537,TRUUT28N911450588,2,9,3.4
Chevrolet,Suburban 2500,2003,Orange,3367.0,538,3C3CFFJH5ET628573,1,7,2.7
Hyundai,Excel,1992,Indigo,1882.1,539,WBABS33483P353663,3,9,2.7
Ford,Edge,2012,Goldenrod,1224.6,540,5YMGZ0C53BL318666,6,6,1.6
Ford,Windstar,1998,Maroon,9029.9,541,3C3CFFFH6DT408351,6,4,1.5
Chevrolet,Express 3500,1999,Crimson,6326.5,542,2HKRM3H59DH364696,6,8,3.1
Audi,TT,2008,Goldenrod,9599.0,543,JTEBU4BF3DK356289,6,5,3.5
Dodge,Aries,1981,Indigo,7676.2,544,SCBFU7ZA0EC754530,7,6,3.0
Volvo,960,1996,Goldenrod,10831.1,545,WBAUN1C54AV778559,2,1,1.6
Mercedes-Benz,300SL,1993,Orange,10922.2,546,2C3CCASG4FH623246,2,2,3.4
Chrysler,300,2012,Aquamarine,1382.0,547,3GYFNGE36CS313231,2,3,2.2
Isuzu,Hombre Space,1998,Aquamarine,10590.4,548,1FTSW2A53AE405199,6,10,3.7
Cadillac,SRX,2005,Khaki,1923.7,549,1G6DP577970721010,6,2,1.8
Dodge,Viper,1993,Teal,6299.4,550,3C4PDCBB1CT862671,1,2,3.7
Mitsubishi,Expo,1995,Fuscia,6875.2,551,1G6DP577260173656,4,5,2.3
Jeep,Liberty,2004,Mauv,7601.5,552,1D7RV1GP5AS733268,1,9,1.4
Mazda,MPV,1997,Crimson,5127.0,553,1FTSW3B50AE741302,2,4,2.5
Chevrolet,Blazer,2004,Turquoise,1454.2,554,WBA5B1C55FG115249,2,9,1.3
Ford,Taurus X,2008,Goldenrod,5914.4,555,1C4RDHAG7EC904911,5,8,2.0
Plymouth,Roadrunner,1969,Pink,9200.1,556,KL4CJESB9EB552088,5,1,3.1
Bentley,Continental,2008,Goldenrod,2293.1,557,KM8JT3AB5CU048700,4,3,2.5
Chrysler,Concorde,2001,Fuscia,7789.9,558,JH4DC43641S221914,2,4,2.9
Buick,Terraza,2005,Fuscia,2501.2,559,1FTMF1CW4AK100529,1,2,2.5
Toyota,Venza,2009,Pink,4283.1,560,W04G05GVXB1638261,6,7,2.3
Ford,F150,2000,Yellow,6897.6,561,WAU4GAFB4BN555225,5,8,1.1
Mazda,Mazda3,2005,Yellow,8519.5,562,WDDHH8JB3FB603523,4,4,3.8
Dodge,D350 Club,1992,Green,6478.4,563,19XFA1E89AE995642,5,10,2.7
Infiniti,G,2011,Violet,6715.4,564,JN8AS1MU7BM609538,1,6,1.6
Plymouth,Neon,2001,Khaki,10530.3,565,WAUDFAFL1AN449812,2,6,3.7
Dodge,Charger,2010,Pink,8628.2,566,JN1CV6AP5CM992553,4,1,2.4
Mazda,MX-6,1996,Pink,1898.5,567,WAUMFAFL0CN991051,7,4,2.4
Buick,Skyhawk,1987,Khaki,6026.7,568,1G6DZ67A390632483,7,8,1.4
Infiniti,M,2008,Yellow,4575.5,569,5FPYK1F22AB659722,4,8,3.9
BMW,7 Series,2004,Khaki,6306.1,570,2FMGK5B8XDB628055,3,9,3.7
Ford,Escort,1995,Indigo,6029.8,571,1ZVBP8AM8B5721884,4,10,1.7
Pontiac,LeMans,1989,Turquoise,9006.5,572,3GYFK62897G801729,1,1,1.5
Nissan,Xterra,2011,Fuscia,9392.3,573,JN1EY1AP9DM043494,4,2,3.1
Chevrolet,Suburban 1500,1996,Mauv,3341.7,574,WA1WKBFP1AA544257,3,8,1.2
Volkswagen,Jetta,2010,Orange,8482.4,575,JHMZF1C67CS659681,2,2,1.7
Hyundai,Elantra,2011,Teal,7261.8,576,JH4CU2E89EC388331,6,9,2.2
Mazda,RX-8,2006,Mauv,9894.9,577,KMHEC4A45DA916657,7,4,2.3
Ford,Excursion,2005,Yellow,9104.7,578,KMHHT6KDXAU671856,3,2,1.6
Kia,Mentor,1997,Puce,6772.6,579,5J6TF1H58FL376254,4,1,3.6
Maserati,Quattroporte,2009,Purple,1789.2,580,1G4HP54K834147151,5,8,1.6
Mercedes-Benz,SL-Class,1991,Violet,4852.2,581,JH4DC53802C691487,1,6,1.6
Lincoln,LS,2001,Aquamarine,6778.8,582,5NPDH4AE8DH457563,2,2,3.4
Isuzu,Hombre Space,1998,Orange,1646.3,583,WAUDV94F27N345451,1,3,2.8
Buick,Regal,2002,Pink,9165.2,584,WAUAFAFL9AA556178,7,5,3.5
Lamborghini,Countach,1987,Pink,7364.4,585,2C3CCABG6EH422107,2,6,2.0
Buick,Coachbuilder,1991,Mauv,6616.9,586,1GKKRNEDXBJ169256,2,3,1.8
Dodge,Ram 3500,1999,Turquoise,9905.3,587,1D7RE3GK7BS341149,3,4,4.0
Kia,Sedona,2010,Pink,6153.3,588,5UXWX7C55BL318802,2,6,1.6
Volkswagen,Passat,2008,Teal,8893.4,589,JM3ER2W31A0368415,1,10,3.5
Mercedes-Benz,SL-Class,1989,Blue,9580.2,590,5UXZV4C52DL713721,1,2,1.9
Nissan,370Z,2009,Mauv,6470.4,591,1G6DW67V980142043,6,3,3.5
Volkswagen,Golf,1989,Aquamarine,10473.5,592,2C3CDXCTXDH009004,2,4,3.3
Mitsubishi,Lancer Evolution,2002,Violet,7033.3,593,SALVP2BG0FH486772,3,2,1.9
Ford,F150,1997,Blue,7934.2,594,1YVHZ8BH1A5571649,4,10,3.8
Mercury,Marauder,2003,Crimson,1879.8,595,WP0AA2A87BU968285,2,8,1.2
Lexus,RX,2001,Orange,9125.8,596,SALAB2D47DA332596,4,3,1.6
Lexus,GX,2003,Aquamarine,1549.7,597,WBASN0C55DD604317,3,8,3.4
Audi,R8,2011,Orange,3710.9,598,2HNYD28887H438360,7,6,1.4
Jeep,Patriot,2008,Goldenrod,7070.6,599,1FTWX3A52AE777119,7,7,2.1
Audi,TT,2010,Purple,5895.2,600,1FTEW1C84AF025300,7,4,1.5
Kia,Sportage,2007,Puce,7317.5,601,1N6BF0KM3FN945041,4,2,2.1
Chevrolet,Avalanche,2011,Red,7346.3,602,JN1BJ0HP0EM479613,7,1,1.6
Kia,Sportage,2000,Green,4974.1,603,WAUHF78P26A564860,7,10,2.5
Morgan,Aero 8,2006,Maroon,1088.1,604,SCFAB02A46G084068,4,1,2.5
Chevrolet,Suburban 2500,1995,Indigo,5066.4,605,WBADT43471G636595,7,2,3.6
Mercury,Mountaineer,2000,Maroon,2208.9,606,4USBT53585L107575,3,6,3.9
Hyundai,XG300,2001,Mauv,4911.5,607,3C63D3GL2CG166207,1,7,1.1
Audi,A3,2009,Blue,2693.4,608,JTDJTUD36ED720085,1,2,2.2
Dodge,Journey,2011,Pink,7572.9,609,WBAGN63515D034097,5,8,1.0
Audi,90,1988,Green,2310.8,610,3D7TP2CT0AG998289,7,2,3.6
Hyundai,Equus,2011,Aquamarine,9882.6,611,1N6BF0KL6FN555963,5,2,2.1
Mitsubishi,GTO,1993,Pink,9329.6,612,WBABW33405P108248,3,8,2.9
GMC,Safari,2000,Green,5887.3,613,1G4GH5G37CF385123,1,4,3.5
Ford,Probe,1992,Indigo,3545.6,614,1G6AY5S34E0214730,2,4,2.4
Suzuki,Esteem,1996,Teal,6376.9,615,KNADM5A37D6791476,4,5,3.5
Jeep,Patriot,2011,Blue,840.7,616,JH4DC53873C907725,3,5,3.6
GMC,Safari,2005,Mauv,6298.0,617,WAUPFAFM9AA508361,2,3,3.6
Lexus,LS,1994,Puce,9289.1,618,1G6DA8E59C0377452,5,10,2.3
Chevrolet,2500,1996,Blue,6357.6,619,19UUA9F7XEA076447,2,3,2.3
Acura,RSX,2003,Mauv,2577.6,620,19UYA416X3A452287,4,7,3.0
Porsche,928,1991,Goldenrod,4447.7,621,1FTMF1CW5AF751824,5,2,3.6
Chevrolet,Corvette,1994,Crimson,7352.8,622,WBAWB3C58AP381938,7,1,1.4
MINI,Clubman,2008,Goldenrod,8457.5,623,WAUML54DX1N085112,4,5,1.4
Subaru,SVX,1997,Teal,5592.9,624,WDDGF4HB9CA005826,5,10,2.1
BMW,5 Series,2009,Purple,3151.4,625,YV4952CF1D1910595,4,9,3.3
Nissan,350Z,2009,Purple,6236.0,626,WBA3V5C5XEP627898,2,4,3.8
Porsche,911,1999,Pink,7275.6,627,5N1AR1NB2BC130966,4,6,3.3
Lincoln,Continental,1989,Goldenrod,10800.2,628,KMHTC6AD0FU576158,3,8,2.4
Hummer,H3,2006,Khaki,7815.0,629,1G6KP5E96AU333731,6,1,3.5
Volvo,V70,2007,Goldenrod,2794.4,630,WAULD64B12N469763,4,4,2.2
Chevrolet,Corvette,1993,Pink,5121.0,631,2HNYD28219H636213,1,2,2.2
Mercury,Grand Marquis,2007,Blue,1859.6,632,1G6AE5SX7F0684666,3,5,1.6
Oldsmobile,Cutlass Supreme,1992,Green,6150.0,633,WAUEH78E86A816977,7,1,1.7
Audi,Q7,2008,Khaki,8297.4,634,WBABN53461J558501,7,4,3.8
Pontiac,Sunfire,2000,Purple,5011.3,635,1FTFW1E80AF798413,7,2,2.6
Ford,F350,1999,Blue,3806.8,636,1G6KD54Y53U032534,4,10,3.3
Chevrolet,Aveo,2009,Yellow,7573.2,637,WAU32AFD7FN822293,1,10,2.6
Mercury,Mountaineer,2004,Puce,8590.6,638,WBA1J9C50FV740590,5,10,2.5
Audi,S5,2010,Mauv,4399.2,639,WAUCVAFR7CA022082,7,1,2.4
Land Rover,Range Rover Sport,2007,Mauv,4996.6,640,WA1EY94L69D599266,4,7,4.0
Acura,TSX,2008,Goldenrod,9074.4,641,3N1CN7AP8DL134723,4,10,3.9
Hyundai,Tiburon,2001,Yellow,9162.6,642,WBAAZ33464K725281,7,5,3.5
Lincoln,MKS,2012,Teal,7595.1,643,WAUVC58E32A024684,2,6,3.3
Mazda,Mazda3,2012,Puce,10134.3,644,SCBBR93W27C748912,1,4,3.6
Chevrolet,Corvette,1967,Indigo,7234.3,645,2G4GV5GV6C9145077,4,10,3.0
Lincoln,Town Car,1993,Puce,9292.3,646,19UYA42513A929520,1,6,2.5
Pontiac,Firebird,1999,Teal,9852.4,647,WP0AB2A87FK347630,2,6,1.7
Suzuki,Aerio,2007,Purple,7903.6,648,2C4RDGCG5CR096649,6,1,2.5
Infiniti,Q,2001,Goldenrod,1587.8,649,WAUSFAFL0AA582284,3,3,1.5
Lotus,Exige,2005,Orange,5447.6,650,5TDBK3EH9DS092943,1,5,3.1
Isuzu,Oasis,1997,Khaki,10200.7,651,WA1LMAFE4AD372164,7,8,1.2
Lotus,Esprit,1987,Fuscia,10745.8,652,WBABN734X3P619859,4,5,2.5
Audi,A6,2005,Crimson,2833.1,653,5FRYD4H93GB759124,3,3,1.4
Chevrolet,G-Series G30,1993,Puce,3464.4,654,1N6AD0CU9DN781680,5,8,3.1
GMC,Yukon XL 1500,2007,Maroon,8756.3,655,WBALW7C55ED326871,7,8,1.6
Jaguar,X-Type,2008,Maroon,1270.7,656,1FTEX1CM1DK876315,1,6,2.2
Volkswagen,Jetta III,1993,Crimson,5347.6,657,WBAPM77579N029246,6,2,2.2
Isuzu,Hombre,2000,Aquamarine,2691.0,658,WBAXG5C56CD413629,4,4,3.9
Mercedes-Benz,C-Class,1997,Maroon,5479.3,659,3GYFNGE38DS868800,5,10,3.5
Suzuki,X-90,1998,Turquoise,2618.5,660,1C3BC2EB8BN450012,1,9,1.1
Aston Martin,V8 Vantage,2010,Green,6608.2,661,JM3TB2CAXD0211534,7,1,1.3
Mercury,Milan,2007,Blue,10192.8,662,1GTCSBD93A8792742,7,2,3.5
Mazda,Tribute,2011,Fuscia,1669.3,663,4T1BF3EK2BU050165,2,8,2.5
Pontiac,Trans Sport,1992,Maroon,7394.7,664,4T1BF1FK3EU693146,5,3,2.7
Chevrolet,2500,1997,Mauv,771.8,665,WBAYB6C54DC281471,7,4,1.8
Scion,xB,2012,Crimson,5945.2,666,WAUCVAFR6CA169297,6,8,2.1
Mercedes-Benz,S-Class,1985,Blue,8135.2,667,WAUSH78E36A645686,5,2,2.8
Nissan,Leaf,2011,Pink,9195.0,668,1G4GD5ERXCF675746,1,1,2.4
Dodge,Stratus,2000,Indigo,841.2,669,1ZVBP8AM0E5971978,7,1,3.6
Nissan,Maxima,2006,Goldenrod,10241.2,670,KNAFU5A24B5386291,6,1,2.2
Mazda,Protege5,2003,Teal,7351.7,671,ZHWGU5BZ6DL357187,3,4,3.7
Ford,F450,2008,Aquamarine,9266.5,672,WAUNF68P66A915461,3,2,3.8
Nissan,Xterra,2003,Turquoise,2949.7,673,1GT022CG2EF431796,6,8,2.8
Hyundai,Santa Fe,2011,Teal,4785.3,674,3VW517AT3EM451204,7,1,3.7
Isuzu,i-280,2006,Yellow,8304.4,675,WAUBF98E98A102802,4,5,3.6
Isuzu,Rodeo,2003,Goldenrod,1684.3,676,WVWED7AJ6BW619504,5,5,1.2
Volkswagen,Tiguan,2012,Yellow,8561.2,677,1D7RE3BK7BS600195,1,1,2.3
Pontiac,Sunfire,2005,Teal,1057.7,678,WAUDF58E15A344092,3,8,3.9
Dodge,Avenger,2012,Crimson,5058.1,679,1GKKRNED1BJ150305,3,4,1.5
Buick,Skyhawk,1984,Fuscia,8503.9,680,WAUJC58E35A120611,4,7,1.5
Chrysler,Concorde,2001,Purple,6239.8,681,WAUEKBFB1AN569669,3,10,2.0
Mazda,RX-7,1983,Pink,5691.8,682,JTEBU5JR5E5442754,5,2,1.8
Honda,Accord,1993,Green,6328.2,683,5UXZW0C52C0729200,5,3,1.8
Jeep,Grand Cherokee,2001,Yellow,7610.0,684,1FADP3E23FL983780,1,9,3.1
Acura,TL,1999,Turquoise,2963.7,685,JN8AZ2KR8AT111806,1,7,1.6
Mercury,Villager,1993,Yellow,7848.6,686,1GKUKFDJ5AR106642,5,8,2.2
BMW,M5,2000,Yellow,5275.9,687,WA1LMBFE0CD553397,2,6,3.5
Lincoln,Town Car,1990,Yellow,7321.5,688,1FMJK1H55DE666597,5,6,3.1
Audi,V8,1991,Green,1155.0,689,WVWGU7AN1AE076773,2,6,3.4
Aston Martin,DB9,2012,Maroon,2862.4,690,WAUDF78E78A538061,7,6,3.2
Subaru,Legacy,2010,Turquoise,1652.4,691,19UUA56892A457218,7,1,1.7
Mercury,Topaz,1992,Green,4678.2,692,1G6AP5SX1E0315651,5,1,3.3
Suzuki,Forenza,2006,Orange,2097.1,693,WAURV78T89A205747,2,2,1.9
Ford,F150,2002,Indigo,2380.3,694,1G6AB5SA6D0361226,1,8,3.8
Pontiac,GTO,1970,Violet,2109.0,695,1GYFK23209R414766,7,3,3.1
GMC,Rally Wagon 2500,1992,Mauv,9146.8,696,1G6DA8E59D0192030,4,8,1.5
Jeep,Wrangler,2008,Indigo,8032.6,697,3N1CE2CP1EL231828,2,5,2.6
Hummer,H3,2007,Indigo,1415.9,698,WAUFFBFL7AN500907,3,9,1.3
Aston Martin,Virage,2011,Turquoise,4568.9,699,WBA6B4C56ED229816,4,1,2.8
Lamborghini,Gallardo,2006,Puce,5311.9,700,WBA3V7C5XEP791017,4,3,1.6
Nissan,Frontier,2010,Maroon,2422.5,701,WBAPH7C51AA174515,4,8,3.4
Lexus,LX,1998,Teal,6097.9,702,JN8AZ2NE8F9915536,7,7,1.7
Ford,F350,2005,Red,2631.7,703,1GYFC16209R398457,4,1,1.3
Tesla,Roadster,2010,Aquamarine,8190.7,704,2HNYD182X3H953828,3,1,1.7
Eagle,Summit,1996,Fuscia,1300.6,705,2C3CDXBG4EH508256,7,1,3.9
Pontiac,Firefly,1988,Mauv,5394.5,706,WAUDV94F99N013235,7,8,3.2
Saturn,Ion,2003,Aquamarine,6596.9,707,WA1LFAFP0BA668295,5,1,1.2
Chevrolet,Venture,2000,Yellow,2134.6,708,3GTU2YEJ5CG227731,5,4,2.8
Jaguar,XJ,2012,Turquoise,1650.4,709,1C3CDZCB9DN770388,1,6,2.0
Mercedes-Benz,SLK-Class,1997,Fuscia,1596.3,710,2D4RN4DG2BR870898,7,9,1.9
Dodge,Viper,2002,Purple,7385.3,711,1G4HD5EM9AU266722,1,5,2.6
Dodge,Avenger,2011,Yellow,9372.4,712,5GADV33167D510446,4,8,3.2
Cadillac,Catera,1998,Turquoise,2503.6,713,WBAKC8C57AC809935,3,1,3.0
Mercury,Tracer,1995,Purple,5490.1,714,1FBNE3BL0DD899992,3,8,3.3
Ford,Taurus,2001,Fuscia,10741.7,715,1G6DM5EY3B0729195,2,7,3.3
Mercedes-Benz,300SD,1992,Red,3606.7,716,19UUB2F77FA647611,6,1,1.4
Acura,Integra,1998,Purple,10726.7,717,SALVP2BG0FH915828,6,9,1.6
Nissan,Sentra,2010,Khaki,10856.9,718,WBAXH5C51DD221257,5,5,1.3
Mitsubishi,Montero Sport,2004,Orange,6586.7,719,2G4GP5EXXF9954536,4,3,2.2
Nissan,Frontier,2003,Blue,3324.5,720,WAUWFAFL5AA864938,5,7,3.0
Mitsubishi,Chariot,1994,Mauv,5115.5,721,1GYUKAEF7AR796820,4,6,2.5
Nissan,Armada,2009,Teal,4048.3,722,WBXPC93577W199446,4,1,3.2
Suzuki,Sidekick,1994,Teal,3734.2,723,WBY2Z2C56EV677872,4,9,2.8
Dodge,Dakota Club,2001,Yellow,3215.5,724,JN8AZ1MU5EW240909,1,1,2.3
Buick,Skylark,1992,Aquamarine,7971.0,725,1G6DC1E36D0410814,4,7,1.1
Chrysler,LHS,1996,Red,4427.6,726,5N1AA0NE0FN874250,6,3,3.5
Isuzu,Rodeo Sport,2003,Purple,1024.6,727,WAUPEAFM7DA233712,2,4,2.1
Audi,A8,2006,Indigo,4713.0,728,WP0AB2A80CS935493,7,4,2.0
Pontiac,Grand Prix,1989,Pink,4669.9,729,WAURV78T99A174976,5,8,3.7
Dodge,Ram 3500,2008,Fuscia,9537.8,730,SCBBR93W79C844943,5,9,3.0
Dodge,Magnum,2006,Puce,3720.7,731,JM1CW2BL8F0284999,7,4,3.5
Ford,GT500,2008,Maroon,2356.7,732,WVGBF7A92AD728955,2,5,3.2
Chrysler,LeBaron,1995,Red,2143.4,733,JM3ER2W36A0279701,1,10,3.5
Ford,F-Series,2002,Turquoise,10390.3,734,4USBU33537L481399,3,7,2.8
Chevrolet,Corvette,1959,Purple,6190.7,735,3GYT4NEF8CG628653,3,5,2.4
Ford,E-Series,1991,Indigo,1284.4,736,1FTWF3A51AE404253,4,9,1.3
BMW,3 Series,2010,Blue,9954.1,737,WBAPK53539A983130,2,8,1.3
Mazda,Miata MX-5,2001,Purple,9022.2,738,1G6AB5SX3F0521358,1,5,3.9
GMC,EV1,1999,Violet,5842.9,739,1GD020CG4DZ543268,4,8,2.2
Aston Martin,DB9,2011,Crimson,7990.7,740,1YVHZ8BH0A5023822,7,4,3.9
Ford,Tempo,1989,Blue,6799.0,741,SCFFDCCD9CG795299,1,1,2.3
Maserati,Spyder,2002,Red,2316.0,742,SCBBB7ZH3CC623901,3,1,3.2
Lincoln,Town Car,2009,Aquamarine,4864.0,743,3N1AB7AP4FL072112,5,3,2.6
Acura,Vigor,1994,Violet,2587.4,744,JTHFE2C28D2093072,6,10,2.9
GMC,Sierra 3500,2009,Teal,8865.6,745,WAUAF48HX9K370486,6,7,2.3
Audi,A4,1996,Red,8534.5,746,5NPEB4AC2EH840582,3,1,1.4
Plymouth,Laser,1992,Turquoise,834.3,747,3G5DA03L47S331565,5,5,2.0
Chevrolet,Silverado 1500,2012,Purple,3411.8,748,1N4AL2EP9DC672422,1,1,1.5
Toyota,Yaris,2012,Khaki,10857.9,749,1C3CDZEG9CN196687,2,4,2.8
BMW,1 Series,2009,Teal,2303.6,750,1N6AA0CA9DN557646,2,1,3.4
Mercedes-Benz,CLS-Class,2011,Orange,5595.0,751,WAURVAFD6CN989404,1,7,3.1
Acura,Integra,2000,Teal,7703.3,752,WAUED64B41N125299,3,7,1.8
Land Rover,LR2,2009,Yellow,7784.7,753,1FTMF1CW3AK658355,2,2,4.0
Mitsubishi,GTO,1994,Violet,9265.4,754,JN8AE2KP1D9371072,2,3,3.2
Dodge,Grand Caravan,2006,Fuscia,5988.7,755,1FTEX1CM2DK953757,7,1,1.5
Toyota,Tacoma Xtra,2002,Turquoise,9477.8,756,1D4RE4GG1BC768660,7,8,2.2
Alfa Romeo,Spider,1994,Purple,7934.1,757,WAURFAFR7CA958873,6,3,3.0
Honda,CR-V,2009,Fuscia,8598.9,758,1G6DJ8E32C0674187,2,10,3.0
Acura,MDX,2004,Red,6291.9,759,JM3ER2A58B0186396,2,5,1.8
Dodge,Ram 1500,2004,Mauv,7242.6,760,1FMJK1G59AE241445,2,1,3.4
Saab,900,1984,Pink,1536.7,761,5FRYD4H44GB602609,3,4,2.3
Dodge,Spirit,1992,Maroon,6136.5,762,WAUDF78E38A329366,2,3,3.8
Mercedes-Benz,E-Class,2007,Crimson,8928.5,763,2FMDK3AK5CB683354,7,10,2.0
Mitsubishi,Galant,1990,Teal,4427.7,764,JTHBL1EF7D5345665,1,5,1.8
Nissan,Xterra,2006,Pink,10747.2,765,WAUDF78E48A785750,6,1,1.8
Mercury,Lynx,1984,Indigo,3379.8,766,NM0GE9F7XF1617690,5,4,3.4
MG,MGB,1977,Violet,6903.3,767,1N6AA0EJXFN368990,3,5,2.7
GMC,1500 Club Coupe,1999,Maroon,4466.7,768,WBAGK93421D329768,1,7,3.1
Pontiac,Grand Prix,1995,Pink,7193.1,769,2T1BURHE9FC909600,3,10,2.2
Pontiac,Sunbird,1994,Crimson,1845.1,770,WAUVFAFHXCN322530,7,8,3.0
Nissan,Quest,1999,Aquamarine,8561.6,771,5NPDH4AE6CH280073,4,8,3.7
BMW,3 Series,2005,Mauv,8714.3,772,JH4CU2F49DC278714,5,3,1.3
Toyota,T100,1997,Yellow,4036.6,773,WAUUL98EX7A650890,5,10,3.9
Smart,Fortwo,2010,Puce,8553.3,774,WBSBL93471J482554,5,6,3.5
Chevrolet,Monte Carlo,1997,Green,7733.9,775,WAURVAFA9AN684756,6,1,3.0
Ford,Expedition,2002,Puce,3025.7,776,JTDKTUD34ED336391,3,9,3.3
Nissan,Frontier,2005,Blue,4935.7,777,KNALW4D47F6398651,4,6,2.3
Ford,Falcon,1966,Orange,10051.8,778,3GTU1YEJ4BG670826,5,10,1.4
Toyota,Avalon,2006,Khaki,9784.2,779,5N1CR2MM0EC319573,3,2,3.7
Chevrolet,Express 1500,2000,Violet,1330.6,780,WBA4C9C53FD039667,6,1,1.4
Audi,Q7,2008,Purple,3206.5,781,4T1BB3EK9AU412941,2,3,2.6
Eagle,Vision,1997,Violet,758.3,782,1N4AL3APXDC974359,3,9,2.9
Dodge,Caravan,1998,Orange,5000.3,783,3C4PDCDG2CT585389,5,5,2.0
Honda,CR-V,2003,Mauv,7788.1,784,WUADUAFG4EN391764,4,10,4.0
Chrysler,300,2009,Crimson,8580.8,785,3C63DPHLXCG281532,2,8,3.0
Ford,Expedition EL,2009,Pink,5613.1,786,WBAFR7C51BC426116,4,5,2.9
BMW,3 Series,1999,Khaki,10279.5,787,WBAFZ9C58DD909532,7,7,2.7
Volkswagen,Routan,2010,Turquoise,8611.0,788,JTJBJRBZ4F2451237,4,7,1.2
Buick,Century,1988,Crimson,9733.3,789,JH4NA21652T163146,6,4,2.4
Lincoln,LS,2003,Yellow,8757.5,790,JN1CV6EK7AM450625,1,4,2.6
GMC,Sonoma Club Coupe,1995,Pink,9455.2,791,WBAKG1C53CJ627336,7,9,2.6
Mazda,GLC,1984,Aquamarine,3836.8,792,5NPDH4AE0FH110165,5,8,1.3
Honda,Prelude,1984,Pink,10382.8,793,1D7RV1CP5BS091464,2,4,3.1
Mazda,626,1992,Mauv,4240.2,794,1C3BCBGG0CN464710,3,6,3.0
BMW,3 Series,2004,Orange,4606.7,795,2G4G15GV7B9057102,4,8,4.0
Chevrolet,APV,1993,Green,10706.8,796,5N1AA0NC5BN306553,6,10,3.7
BMW,X6 M,2010,Fuscia,9590.0,797,1G4HR54K544961849,4,6,2.3
Chevrolet,G-Series G10,1995,Crimson,6850.1,798,WAUHE78PX8A178127,6,6,3.5
Lincoln,MKS,2012,Fuscia,4940.1,799,SCFFDEDN9CG597454,4,6,3.0
Mercedes-Benz,C-Class,1997,Indigo,10885.3,800,JTEBU5JR4F5677566,7,6,1.5
Pontiac,6000,1986,Maroon,9431.2,801,1FTMF1EW2AK317154,4,4,2.1
Subaru,Forester,2010,Blue,6042.9,802,5J6TF1H31CL939736,3,9,3.5
Lexus,IS,2010,Fuscia,5414.9,803,1G6DC8EY3B0906879,1,3,1.7
Pontiac,Grand Prix,1983,Violet,9884.7,804,JTDKDTB36D1756468,2,8,2.7
Dodge,Caravan,2008,Mauv,8461.4,805,JN1BV7AP2FM097401,6,6,2.0
Chevrolet,Venture,1999,Crimson,4848.0,806,WBAYA8C51DD585060,7,7,3.4
Audi,S8,2008,Mauv,8703.6,807,KNAGM4AD9B5783799,6,10,2.4
Eagle,Summit,1994,Maroon,10535.8,808,WAULT64B93N095374,6,9,1.5
Ford,LTD Crown Victoria,1986,Maroon,3315.7,809,3VW1K7AJ0FM360757,2,9,3.5
Mercedes-Benz,S-Class,2001,Goldenrod,3112.4,810,5UXFA93525L349930,4,3,2.5
Pontiac,Bonneville,1965,Mauv,5852.8,811,1G4GF5G35EF684652,7,10,2.6
Chevrolet,Equinox,2011,Green,8884.2,812,JN1CV6EK0EM442582,2,5,3.3
Mitsubishi,Pajero,1999,Puce,1325.4,813,3N1AB6AP9CL954849,4,2,3.8
Mitsubishi,Eclipse,1996,Green,3162.1,814,WAUGFAFRXDA722842,1,5,2.0
Toyota,Tundra,2002,Yellow,6336.5,815,JN1CV6EK8AM347181,3,1,2.9
Mitsubishi,Mirage,1989,Khaki,4134.1,816,WBAUP9C57BV980886,2,3,2.9
Toyota,Celica,1998,Orange,3311.4,817,3MZBM1U77EM242618,3,6,3.8
Hyundai,Genesis Coupe,2011,Khaki,3475.3,818,WBA3B5C54DF031053,3,10,1.6
Pontiac,Torrent,2008,Yellow,2275.6,819,WVWAN7AN7DE451105,4,6,2.7
Mitsubishi,Pajero,1985,Red,8297.2,820,1FTEX1CW6AK108343,6,1,1.2
Chrysler,Town & Country,1993,Red,7666.0,821,JTHBL5EF1A5190663,3,2,1.9
Audi,4000,1987,Teal,2800.2,822,1N6AF0KX5EN388539,2,1,1.1
Cadillac,STS-V,2008,Pink,7648.6,823,WAUEF98E88A133049,4,3,3.6
Lincoln,Continental,1998,Teal,6082.2,824,WVGAV7AX3BW372390,3,8,2.7
Ford,Explorer,2013,Teal,9540.7,825,WAUMF98K09N858236,4,5,3.5
Lexus,IS F,2010,Maroon,821.4,826,WBAYF8C53ED030405,6,9,3.9
Subaru,Outback,2005,Crimson,2598.0,827,WBANN73526C975790,7,5,1.5
Dodge,Caravan,1998,Green,10325.8,828,WBAWL13568P211153,4,9,2.0
Ford,Taurus,1991,Khaki,6729.2,829,19UUA65505A088556,2,4,3.6
GMC,Rally Wagon 3500,1994,Crimson,5668.0,830,19UUA8F21EA242773,5,7,1.7
Porsche,Carrera GT,2005,Khaki,7569.6,831,SAJWA4FB1DL682707,2,9,4.0
GMC,Savana 3500,2012,Green,5863.0,832,WBAKF5C58BE653481,4,10,1.6
Chevrolet,3500,1999,Violet,10894.3,833,WAUKFAFL2DN131225,4,4,2.9
Volvo,S40,2002,Fuscia,9347.8,834,5FRYD4H66EB074845,6,8,3.4
Subaru,Loyale,1992,Puce,2814.7,835,19UUA9F73DA500338,2,7,3.7
Lincoln,MKX,2009,Puce,10933.1,836,1FBNE3BL6BD778509,7,4,2.8
Ford,F-Series,1985,Mauv,3555.1,837,1FTEW1CM4EK693334,6,3,3.5
MINI,Cooper Clubman,2012,Violet,10993.8,838,3GYFNBE35ES929136,4,1,4.0
Ford,Mustang,1990,Aquamarine,8432.8,839,WBANE73587B585994,3,7,1.9
Chevrolet,Silverado 3500,2009,Aquamarine,10913.5,840,5UXFB53524L855410,4,5,3.3
Dodge,Caliber,2012,Orange,5573.0,841,5TFBY5F16AX605695,6,4,1.9
Toyota,Matrix,2008,Red,923.8,842,3VWF17AT5FM760307,1,7,1.9
Lexus,HS,2010,Maroon,4636.3,843,WBA3T1C51FP904762,5,10,3.1
BMW,6 Series,1989,Violet,7777.8,844,WAUFMAFC2FN774314,4,6,2.7
Honda,Civic,2006,Goldenrod,3606.7,845,JM3ER2W33A0329759,6,7,3.5
Audi,Allroad,2005,Aquamarine,6049.7,846,1G6DG5E50D0916443,3,10,3.5
Suzuki,Vitara,2003,Aquamarine,1870.8,847,1GYEC63TX4R546614,6,5,2.7
Ford,Tempo,1993,Yellow,9576.6,848,3G5DA03E43S888553,6,9,1.0
Ford,E-Series,1991,Blue,2818.2,849,5TDBM5G1XCS875063,6,3,2.7
Pontiac,Parisienne,1984,Red,2145.8,850,WAULF78K29A371675,2,8,1.1
Saab,900,1997,Blue,8351.0,851,WBAVA33577K890374,6,7,1.2
Morgan,Aero 8,2007,Puce,6627.1,852,WAUSF78K39A162151,1,2,3.3
Cadillac,Fleetwood,1996,Fuscia,8721.3,853,JN8AZ2KR4ET368063,2,3,2.1
Dodge,Ram 2500,2006,Khaki,2151.7,854,WBAKB4C5XBC816603,7,8,1.7
Ford,Ranger,1994,Red,3729.6,855,SCFAD02A45G260920,6,3,2.5
Land Rover,Discovery,1996,Crimson,5754.6,856,5TDDK3DC3DS624248,6,6,3.0
Isuzu,Oasis,1997,Teal,9393.9,857,WA1CMBFP1EA381063,2,8,3.3
Honda,Accord,1987,Orange,6240.4,858,JA32X8HW9CU692203,3,4,2.8
Mercedes-Benz,SLK-Class,1998,Crimson,4170.3,859,WAUDFAFL1CN824200,4,1,3.9
Dodge,Viper,1996,Aquamarine,9697.5,860,WA1MMAFE6AD909590,3,10,3.6
Ford,Galaxie,1964,Fuscia,10600.8,861,SAJWA4EC5DM539022,7,10,3.6
Subaru,Legacy,2007,Fuscia,4007.0,862,1GD12ZCG8BF641002,7,2,3.6
Subaru,Forester,2007,Yellow,9304.1,863,WAUAH94FX7N912211,7,5,3.6
Aston Martin,Vanquish S,2006,Teal,6274.4,864,5UXZV4C58D0518711,6,3,1.4
Chrysler,300,2012,Goldenrod,4027.7,865,1G6AC5S35D0197305,5,2,3.7
Volvo,S80,2000,Green,5544.5,866,3VW517AT7FM812306,4,7,3.6
Lincoln,Mark VIII,1997,Yellow,5460.0,867,1GYFC36229R045469,4,8,3.7
Mercedes-Benz,CL-Class,2002,Purple,4505.9,868,1N6AF0KY1FN898395,3,3,2.3
Chevrolet,Express 3500,2010,Blue,2371.1,869,JN1AY1AR4DM854863,5,6,3.9
GMC,Sierra 2500,2012,Maroon,5868.8,870,WAUHE78P19A129254,1,9,3.8
BMW,5 Series,1999,Blue,4238.1,871,WBAAW33441E257229,2,7,1.4
Mazda,B-Series,1986,Crimson,5207.4,872,WBAKE3C5XDE384474,2,4,2.4
Nissan,Murano,2009,Red,10045.0,873,WAUEH74F86N491075,5,5,2.3
Nissan,Pathfinder,1997,Purple,2380.5,874,SALVP2BG8FH489368,5,10,2.5
Cadillac,Escalade ESV,2007,Yellow,3235.3,875,SCFAB02A66G987113,6,3,1.7
Mazda,Protege,2001,Blue,2329.2,876,SCFEFBAC2AG510983,3,6,2.5
Mazda,Miata MX-5,2001,Blue,10379.2,877,WAUDH98E76A032264,6,6,2.7
Mitsubishi,Pajero,2001,Orange,7526.9,878,1FTWF3C58AE908201,2,2,1.2
Cadillac,Catera,1999,Puce,10082.4,879,WBAGK93401D259932,2,5,2.0
Buick,Terraza,2006,Turquoise,7234.4,880,WBSCL93431L784948,6,4,2.9
Pontiac,Sunfire,2002,Mauv,2082.3,881,1GYUCBEF7AR145027,4,4,1.1
Pontiac,Grand Prix,1978,Khaki,2490.8,882,5J8TB3H71GL330296,3,8,3.1
BMW,8 Series,1996,Yellow,10853.9,883,WAUVC58E82A045871,6,10,3.2
Hyundai,Excel,1992,Orange,4976.8,884,3D73M4CL1AG221754,6,6,3.8
Chevrolet,Express 2500,2001,Goldenrod,800.8,885,5GAKVBKD2FJ216376,4,3,1.7
Buick,Park Avenue,2003,Purple,5276.9,886,5UXFG8C59BL499375,2,2,1.3
Land Rover,Range Rover,1998,Violet,6071.0,887,WA1LFAFP3EA784577,1,7,3.4
Land Rover,Discovery Series II,2000,Red,9456.0,888,1G6AB1R36F0070146,1,6,2.0
Chevrolet,Camaro,1971,Khaki,7149.2,889,KNAFU6A24D5252566,2,7,1.6
Mercedes-Benz,SLK-Class,1999,Aquamarine,2200.9,890,WAUDFAFL0FN964100,2,1,1.7
Saab,9-3,2007,Maroon,9557.2,891,3VW4A7AT3DM994692,4,2,4.0
Mitsubishi,RVR,1995,Blue,10988.3,892,WDDGF4HB3DG510159,5,5,3.2
Ford,F250,1984,Yellow,5212.2,893,1FMJK1H55EE184925,1,7,3.5
BMW,Z3,2001,Teal,4917.9,894,4A4AP3AU0FE765393,7,8,1.5
Pontiac,Trans Sport,1993,Indigo,4975.9,895,1YVHZ8BA1A5586963,6,6,2.1
Ford,Econoline E150,1993,Violet,3216.4,896,5TDBKRFH0FS475674,5,10,2.4
Audi,A3,2011,Goldenrod,5711.2,897,WA1VMBFE3BD797682,2,9,3.2
Kia,Amanti,2006,Violet,10182.9,898,1G6YV36A375964890,2,7,2.2
Nissan,Frontier,1998,Turquoise,8743.4,899,WBA3R1C54EK645582,4,2,1.0
Toyota,Sienna,2012,Green,8048.9,900,SCFFDABM2DG942795,4,1,1.4
Pontiac,Grand Prix,1971,Turquoise,2595.4,901,1G6DJ1ED7B0384722,4,2,1.4
GMC,Canyon,2007,Aquamarine,7174.5,902,SCBZB25E51C150237,6,3,2.3
Mercury,Grand Marquis,2001,Maroon,6372.6,903,5UMDU93567L781452,4,9,2.7
Pontiac,Aztek,2003,Purple,2446.5,904,3C4PDDBG6FT968295,4,4,2.1
Mazda,RX-8,2010,Orange,5215.6,905,WBAKN9C57FD527148,6,2,1.3
Mercedes-Benz,SL-Class,1985,Orange,6951.0,906,KMHDB8AE9AU638256,4,6,3.9
Pontiac,1000,1985,Green,4169.8,907,WAUBGBFC7CN152914,5,10,2.0
Lamborghini,MurciÃ©lago,2002,Goldenrod,9101.4,908,SCBDR33W17C860719,3,5,3.7
Honda,Element,2003,Violet,7653.5,909,WAULT68E32A736190,2,1,1.5
Volkswagen,Passat,1993,Puce,859.1,910,5TFCW5F15BX515689,4,4,2.3
Volkswagen,Passat,2004,Turquoise,5321.2,911,5J6YH1H37AL104611,1,10,2.9
Mazda,Mazda3,2006,Pink,3830.6,912,5J8TB3H50EL814486,2,8,1.5
Nissan,Sentra,2001,Yellow,3806.7,913,3LNDL2L35CR535948,4,8,2.0
Chrysler,Pacifica,2008,Teal,8079.2,914,WAUEF78E26A631829,4,4,2.0
BMW,760,2003,Orange,5419.5,915,WAUAFAFH3EN410207,3,2,3.0
Tesla,Roadster,2011,Mauv,2752.2,916,WDDGF4HB5CA221401,4,6,1.3
Mitsubishi,Challenger,2004,Violet,7312.7,917,WAUKFAFL5DN432555,1,8,1.3
Dodge,Avenger,1995,Goldenrod,2546.8,918,WDCYC7DF4FX337847,1,6,1.4
Ford,Club Wagon,1995,Blue,8969.2,919,SALFP2BN3BH138025,2,8,3.8
Volvo,960,1993,Yellow,3781.2,920,JN8AF5MR9BT901818,1,4,1.4
Toyota,Sequoia,2004,Teal,1352.4,921,1G6YV34A455765542,5,3,1.6
Honda,Accord,2006,Turquoise,3462.4,922,JTJBC1BA7A2983483,5,3,2.0
Volkswagen,CC,2009,Fuscia,8340.3,923,NM0KS7AN3AT667857,2,1,1.6
Mercury,Villager,1993,Goldenrod,7805.2,924,WBAWC73588E380346,4,10,2.9
Lincoln,MKZ,2010,Purple,965.5,925,WAUKF78E87A033717,6,4,3.9
Suzuki,Sidekick,1989,Pink,10763.3,926,WAUHF78PX8A852273,7,2,1.4
Land Rover,Defender,1994,Red,6452.8,927,5GADV23127D570959,3,8,3.3
Mercedes-Benz,SL-Class,1998,Aquamarine,7541.2,928,WAUVT68E92A123886,7,9,3.2
Jeep,Wrangler,2007,Indigo,6670.7,929,5UXWX7C57CL659443,2,2,2.7
Toyota,Tercel,1997,Maroon,7605.3,930,JN8AE2KP4C9243567,6,10,2.6
Saab,900,1998,Puce,4345.8,931,1GYFK66877R580562,4,6,1.4
Ford,Explorer,2013,Indigo,3112.0,932,SCFEDCAD3AG112847,3,2,1.6
Toyota,MR2,1985,Aquamarine,10230.4,933,JH4CU2E85DC660257,3,9,2.2
Mercury,Sable,1992,Goldenrod,4782.6,934,3VW517ATXFM783559,7,8,2.8
Audi,Allroad,2002,Orange,5002.1,935,1C4SDHCT9FC628566,4,4,2.5
Mitsubishi,Pajero,1998,Aquamarine,6264.0,936,1FTEW1CM2DF103395,3,6,3.5
Lexus,GX,2009,Teal,4149.4,937,5FPYK1F20CB945636,4,1,1.3
Toyota,Sequoia,2012,Indigo,6805.0,938,JM3TB2CA7D0952885,4,2,3.7
Mitsubishi,Galant,2007,Green,1043.7,939,WAUAFAFLXBN847623,2,10,2.8
Chevrolet,Suburban,2011,Khaki,5676.1,940,1C4RJEAG4DC167141,1,2,3.9
Volvo,C30,2013,Maroon,6981.4,941,WAUEF98E37A417297,5,9,2.1
Ford,Festiva,1993,Pink,2727.6,942,3VW1K7AJ8DM723416,5,4,2.1
Nissan,Maxima,2007,Khaki,6509.3,943,2FMHK6CT3AB134788,1,6,2.2
Mercury,Mariner,2005,Purple,10146.3,944,1FMHK7B83BG245984,6,3,1.4
Lincoln,Continental,1991,Purple,10997.3,945,1C4RDJAGXFC960169,4,10,3.0
Eagle,Vision,1995,Blue,3914.8,946,WBAYG6C52FD530090,5,3,2.5
Saturn,Relay,2007,Blue,5066.8,947,WAURFAFR1AA576951,2,1,2.7
BMW,M5,2006,Khaki,8755.3,948,4T1BK1EB6FU858539,6,4,1.3
Chevrolet,Suburban 1500,2012,Goldenrod,1477.6,949,WAUMGAFLXAA915659,5,6,1.2
Toyota,RAV4,1996,Green,9163.0,950,WDDLJ9BB7FA456695,2,6,3.9
Chevrolet,Astro,2001,Pink,7189.8,951,5FNRL3H26AB095219,5,10,2.7
Chevrolet,Equinox,2012,Goldenrod,913.4,952,WBAKF5C59CE129287,3,9,1.3
Kia,Carens,2009,Purple,10739.8,953,5N1AZ2MHXFN099889,5,1,1.4
Subaru,XT,1987,Mauv,7859.1,954,JTHDU5EF5C5115330,4,8,3.0
Chevrolet,3500,1999,Mauv,1956.1,955,4T1BD1EBXEU924308,4,10,2.6
GMC,Envoy,2008,Crimson,8595.4,956,JTJBM7FX3B5674611,3,6,3.3
GMC,Envoy XL,2006,Pink,4637.6,957,1GYS3AKJ7FR048766,5,7,3.2
Subaru,Legacy,1993,Turquoise,6090.6,958,3GYFNGE31DS896535,6,5,1.9
Lincoln,LS,2000,Goldenrod,9043.5,959,3VW4T7AT2EM898130,7,2,3.2
Honda,Civic,2006,Goldenrod,4378.5,960,JTHBK1GG5D1177282,1,4,1.7
Land Rover,LR2,2012,Pink,1302.6,961,5LMJJ2H56BE480640,7,8,2.3
GMC,2500 Club Coupe,1992,Orange,5938.5,962,WVWAB7AJ0DW172059,2,3,3.0
Mercury,Grand Marquis,1993,Puce,5460.0,963,WA1VGAFP8EA309738,2,10,3.4
BMW,7 Series,1997,Puce,8676.5,964,1N4AL3AP1DC136057,2,6,2.1
Buick,Regal,1995,Khaki,857.2,965,1G4HR54K024513080,5,8,3.0
Suzuki,Swift,1988,Puce,9989.4,966,1N6AA0CH6DN366392,4,10,2.4
Lexus,HS,2012,Aquamarine,7675.8,967,WVGEF9BP3ED465225,2,6,2.9
BMW,Z4 M,2009,Crimson,923.2,968,2G4WC532051187162,2,3,3.2
MINI,Cooper,2010,Puce,8753.8,969,JN8CS1MW8EM784525,7,6,2.2
Nissan,Maxima,2003,Mauv,2603.9,970,KMHHT6KJ9FU932567,3,1,2.3
Subaru,Legacy,2004,Orange,8338.5,971,WBABN33453J667166,6,10,1.5
Mazda,Miata MX-5,1996,Maroon,9311.8,972,WAUEH94F96N586272,6,3,3.9
Chrysler,Town & Country,2008,Purple,4698.5,973,1FTMF1C80AK404894,6,3,1.9
Acura,CL,1997,Red,9869.3,974,NM0AS8F7XE1764048,6,7,2.2
Volkswagen,Passat,2007,Turquoise,8477.3,975,1GD312CG2CF381488,6,8,1.3
Dodge,Ram Wagon B350,1993,Green,1029.1,976,JTDJTUD37DD523151,6,5,1.7
Mazda,MX-6,1997,Violet,3047.5,977,WBA3D5C56EK062680,1,9,1.1
Cadillac,Sixty Special,1993,Pink,6320.5,978,WAUJFAFH9BN595391,6,7,1.8
Dodge,Caravan,2002,Goldenrod,10312.6,979,2T1BPRHE2FC378490,6,7,1.6
Mitsubishi,Expo,1992,Teal,1895.5,980,5J8TB3H36EL744877,7,6,1.7
Mercedes-Benz,E-Class,1990,Blue,2682.5,981,2C3CDZBT0FH670055,2,9,1.7
Volvo,960,1993,Teal,1363.6,982,JM1GJ1U50F1074691,7,1,3.3
Mazda,RX-8,2007,Fuscia,6715.7,983,WAULT68E74A962557,5,10,1.9
Lexus,RX,2001,Teal,7918.0,984,WAUBFAFL7DN096391,3,10,3.2
Honda,Insight,2003,Khaki,7046.5,985,2G4GK5EXXE9224090,4,3,3.8
Subaru,Loyale,1991,Fuscia,2528.1,986,1N6AF0LY7EN650763,3,6,2.6
Mercedes-Benz,C-Class,2005,Fuscia,8104.5,987,1GYS4SKJ3FR176280,7,5,3.7
Ford,F-Series,1989,Pink,3198.0,988,W04GS5EC7B1607514,1,1,2.7
Jeep,Compass,2008,Blue,7907.2,989,KMHTC6AD9EU382789,4,5,3.4
Hummer,H3,2010,Indigo,8394.2,990,WBAYP9C57ED868293,6,6,1.1
Toyota,Echo,2001,Crimson,4565.8,991,WAUVKAFR1AA737972,4,2,2.8
Maserati,Quattroporte,2010,Khaki,6357.9,992,4T3BA3BBXEU380103,1,3,2.2
Porsche,911,2013,Violet,2558.2,993,WAULT68E94A862556,4,1,2.8
Land Rover,LR3,2009,Red,1866.8,994,3C6TD5JT5CG454579,6,5,2.3
Mazda,Miata MX-5,2002,Teal,7777.3,995,19UUB2F72FA853158,6,2,1.7
Toyota,RAV4,2005,Goldenrod,8465.3,996,3D7TT2CT9BG727891,7,8,2.8
Toyota,Highlander,2009,Turquoise,9427.2,997,WAUWGAFC3EN475162,7,6,3.3
Ferrari,F430,2009,Yellow,6868.3,998,JN8AF5MR1CT398917,4,4,2.3
Bentley,Mulsanne,2011,Crimson,9331.8,999,JM1NC2LF4D0747521,1,9,1.6
Dodge,Dakota Club,2006,Green,1489.3,1000,1FADP3E24DL517157,6,6,1.7
